Unnamed: 0,country,region,source,household_size,nr_adults,year,LCU,household_equiv,links,USD,EUR,nr_workers,Unnamed..0
8.0,Brazil,"Non-metropolitan / State of São Paulo, non-metropolitan areas",Calculated from Global Living Wage Coalition,4.0,2.0,2024.0,58428.0,2.1,https://www.globallivingwage.org/living-wage-benchmarks/living-wage-for-non-metropolitan-brazil/,,,,
16.0,Brazil,State of São Paulo / SP01,Global Living Wage Coalition Living income estimate,4.0,2.0,2024.0,51372.0,2.1,https://globallivingwage.org/subnational-estimates/living-wage-and-living-income-sub-national-estimates-for-the-state-of-sao-paulo//,,,,
17.0,Brazil,State of São Paulo / SP02,Global Living Wage Coalition Living income estimate,4.0,2.0,2024.0,55608.0,2.1,https://globallivingwage.org/subnational-estimates/living-wage-and-living-income-sub-national-estimates-for-the-state-of-sao-paulo//,,,,
18.0,Brazil,State of São Paulo / SP03,Global Living Wage Coalition Living income estimate,4.0,2.0,2024.0,60060.0,2.1,https://globallivingwage.org/subnational-estimates/living-wage-and-living-income-sub-national-estimates-for-the-state-of-sao-paulo//,,,,
19.0,Brazil,State of São Paulo / SP04,Global Living Wage Coalition Living income estimate,4.0,2.0,2024.0,63756.0,2.1,https://globallivingwage.org/subnational-estimates/living-wage-and-living-income-sub-national-estimates-for-the-state-of-sao-paulo//,,,,
20.0,Brazil,State of São Paulo / SP05,Global Living Wage Coalition Living income estimate,4.0,2.0,2024.0,71580.0,2.1,https://globallivingwage.org/subnational-estimates/living-wage-and-living-income-sub-national-estimates-for-the-state-of-sao-paulo//,,,,
21.0,Brazil,Non-capital State / Piauí,Global Living Wage Coalition Living income estimate,4.0,2.0,2024.0,41784.0,2.1,https://globallivingwage.org/subnational-estimates/living-wage-and-living-income-sub-national-estimates-for-non-capital-state-of-piaui-brazil/,,,,
22.0,Brazil,Ceará / North/Northwest/Sertões Region,Global Living Wage Coalition Living income estimate,4.0,2.0,2024.0,34896.0,2.1,https://globallivingwage.org/subnational-estimates/living-wage-and-living-income-sub-national-estimates-for-the-north-northwest-and-sertoes-regions-state-of-ceara-brazil/,,,,
24.0,Brazil,Coffee or Cocoa growing regions / Northwest Espírito Santo,Global Living Wage Coalition Living income estimate,4.0,2.0,2021.0,39396.0,2.1,https://globallivingwage.org/resource-library/?fwp_country=brazil,,,,
26.0,Brazil,Cocoa growing regions / East Rondônia,Global Living Wage Coalition Living income estimate,4.0,2.0,2021.0,35964.0,2.1,https://globallivingwage.org/resource-library/?fwp_country=brazil,,,,
27.0,Brazil,Cocoa growing regions / Southeast Pará,Global Living Wage Coalition Living income estimate,4.0,2.0,2021.0,39288.0,2.1,https://globallivingwage.org/resource-library/?fwp_country=brazil,,,,
28.0,Brazil,Cocoa growing regions / Southwest Pará,Global Living Wage Coalition Living income estimate,4.0,2.0,2021.0,39288.0,2.1,https://globallivingwage.org/resource-library/?fwp_country=brazil,,,,
29.0,Brazil,Cocoa growing regions / Belém and the metropolitan area,Global Living Wage Coalition Living income estimate,4.0,2.0,2021.0,41952.0,2.1,https://globallivingwage.org/resource-library/?fwp_country=brazil,,,,
31.0,Brazil,Coffee growing regions / Triângulo Mineiro/Alto Paranaíba,Global Living Wage Coalition Living income estimate,4.0,2.0,2021.0,47040.0,2.1,https://globallivingwage.org/resource-library/?fwp_country=brazil,,,,
47.0,"Congo, Dem. Rep.",Rural / All/ Congo Kinshasa,Living Income Reference Value,6.0,2.0,2024.0,7054464.0,2.7,https://www.globallivingwage.org/reference-value/living-income-reference-value-rural-democratic-republic-of-congo/,,,,
49.0,Costa Rica,Rural / Limón and Heredia Provinces,Calculated from  Global Living Wage Coalition,4.0,2.0,2024.0,8180976.0,2.1,https://www.globallivingwage.org/living-wage-benchmarks/rural-costa-rica-limon-and-heredia-provinces/,,,,
69.0,Honduras,"Rural coffee-growing regions / Comayagua, Copán, and El Paraíso",New Foresight,4.6,2.0,2023.0,217620.0,2.28,,,,,
89.0,Mexico,Yucatán / Rural Areas and Small Towns in Yucatan,Calculated from  Global Living Wage Coalition,4.0,2.0,2024.0,227208.0,2.1,https://globallivingwage.org/living-wage-benchmarks/living-wage-for-rural-areas-yucatan-mexico/,,,,
91.0,Mexico,"Non-metropolitan Urban & Rural / Michoacán, northwestern regions",Calculated from  Global Living Wage Coalition,4.0,2.0,2024.0,247440.0,2.1,https://www.globallivingwage.org/living-wage-benchmarks/living-wage-for-michoacan-mexico/,,,,
92.0,Mexico,Municipality of San Quintín / Baja California,Calculated from Global Living Wage Coalition,4.0,2.0,2024.0,317892.0,2.1,https://www.globallivingwage.org/living-wage-benchmarks/living-wage-for-baja-california-mexico-san-quintin/,,,,
99.0,Nigeria,Rural / All,Global Living Wage Coalition,5.0,2.0,2023.0,2795376.0,2.4,https://www.globallivingwage.org/reference-value/living-income-reference-value%e2%81%a0-rural-nigeria/,,,,
107.0,Peru,Rural Areas and Small Towns / San Martín,Global Living Wage Coalition,4.0,2.0,2022.0,28452.0,2.1,https://globallivingwage.org/resource-library/?fwp_country=peru,,,,
109.0,Peru,Rural Areas and Small Towns / Junín,Global Living Wage Coalition,4.0,2.0,2022.0,25212.0,2.1,https://globallivingwage.org/resource-library/?fwp_country=peru,,,,
,Angola,Rural / coffee-producing households in Cuanza Sul province,New Foresight,7.5,2.0,2023.0,4474488.0,3.15,,,,1.8,1.0
,Argentina,Non-Metropolitan Urban / All,Calculated from Global Living Wage Coalition,4.0,2.0,2025.0,24011647.68,2.1,https://www.globallivingwage.org/reference-value/living-wage-reference-value-non-metropolitan-urban-argentina/,,,1.66,
,Argentina,Non-Metropolitan Urban / All,Calculated from Global Living Wage Coalition,4.0,2.0,2024.0,17222513.28,2.1,https://www.globallivingwage.org/reference-value/living-wage-reference-value-non-metropolitan-urban-argentina/,,,,2.0
,Argentina,Rural / All,Global Living Wage Coalition,4.0,2.0,2025.0,16509996.0,2.1,https://www.globallivingwage.org/reference-value/living-income-reference-value-rural-argentina/,,,1.66,
,Argentina,Rural / All,Global Living Wage Coalition,4.0,2.0,2024.0,11841900.0,2.1,https://www.globallivingwage.org/reference-value/living-income-reference-value-rural-argentina/,,,,3.0
,Bangladesh,Urban / Dhaka City,Calculated from Global Living Wage Coalition,4.0,2.0,2025.0,576264.0,2.1,https://www.globallivingwage.org/living-wage-benchmarks/urban-bangladesh/,,,1.58,
,Bangladesh,Urban / Dhaka City,Calculated from Global Living Wage Coalition,4.0,2.0,2024.0,528972.0,2.1,https://www.globallivingwage.org/living-wage-benchmarks/urban-bangladesh/,,,,5.0
,Bangladesh,Urban / Satellite Cities,Calculated from Global Living Wage Coalition,4.0,2.0,2025.0,477144.0,2.1,https://www.globallivingwage.org/living-wage-benchmarks/urban-bangladesh-surrounding-dhaka/,,,1.58,
,Bangladesh,Urban / Satellite Cities,Calculated from Global Living Wage Coalition,4.0,2.0,2024.0,437988.0,2.1,https://www.globallivingwage.org/living-wage-benchmarks/urban-bangladesh-surrounding-dhaka/,,,,4.0
,Belize,Rural / All,Calculated from Global Living Wage Coalition,4.0,2.0,2025.0,19872.0,2.1,https://www.globallivingwage.org/living-wage-benchmarks/living-wage-for-rural-belize/,,,1.59,
,Belize,Rural / All,Calculated from Global Living Wage Coalition,4.0,2.0,2024.0,19656.0,2.1,https://www.globallivingwage.org/living-wage-benchmarks/living-wage-for-rural-belize/,,,,6.0
,Brazil,Cear / North/Northwest/Sertes Region,Global Living Wage Coalition Living income estimate,4.0,2.0,2024.0,34896.0,2.1,https://globallivingwage.org/subnational-estimates/living-wage-and-living-income-sub-national-estimates-for-the-north-northwest-and-sertoes-regions-state-of-ceara-brazil/,,,,22.0
,Brazil,Cocoa growing regions / Belm and the metropolitan area,Global Living Wage Coalition Living income estimate,4.0,2.0,2021.0,41952.0,2.1,https://globallivingwage.org/resource-library/?fwp_country=brazil,,,,29.0
,Brazil,Cocoa growing regions / East Rondnia,Global Living Wage Coalition Living income estimate,4.0,2.0,2021.0,35964.0,2.1,https://globallivingwage.org/resource-library/?fwp_country=brazil,,,,26.0
,Brazil,Cocoa growing regions / South Bahia,Global Living Wage Coalition Living income estimate,4.0,2.0,2021.0,32028.0,2.1,https://globallivingwage.org/resource-library/?fwp_country=brazil,,,,25.0
,Brazil,Cocoa growing regions / Southwest Par,Global Living Wage Coalition Living income estimate,4.0,2.0,2021.0,39288.0,2.1,https://globallivingwage.org/resource-library/?fwp_country=brazil,,,,28.0
,Brazil,Coffee growing regions / Tringulo Mineiro/Alto Paranaba,Global Living Wage Coalition Living income estimate,4.0,2.0,2021.0,47040.0,2.1,https://globallivingwage.org/resource-library/?fwp_country=brazil,,,,31.0
,Brazil,Coffee growing regions / Zona da Mata mineira,Global Living Wage Coalition Living income estimate,4.0,2.0,2021.0,39396.0,2.1,https://globallivingwage.org/resource-library/?fwp_country=brazil,,,,30.0
,Brazil,Coffee or Cocoa growing regions / Northwest Esprito Santo,Global Living Wage Coalition Living income estimate,4.0,2.0,2021.0,39396.0,2.1,https://globallivingwage.org/resource-library/?fwp_country=brazil,,,,24.0
,Brazil,Non-capital State / Piau,Global Living Wage Coalition Living income estimate,4.0,2.0,2024.0,41784.0,2.1,https://globallivingwage.org/subnational-estimates/living-wage-and-living-income-sub-national-estimates-for-non-capital-state-of-piaui-brazil/,,,,21.0
,Brazil,"Non-metropolitan / State of So Paulo, non-metropolitan areas",Calculated from Global Living Wage Coalition,4.0,2.0,2025.0,61452.0,2.1,https://www.globallivingwage.org/living-wage-benchmarks/living-wage-for-non-metropolitan-brazil/,,,1.68,
,Brazil,"Non-metropolitan / State of So Paulo, non-metropolitan areas",Calculated from Global Living Wage Coalition,4.0,2.0,2024.0,58428.0,2.1,https://www.globallivingwage.org/living-wage-benchmarks/living-wage-for-non-metropolitan-brazil/,,,,8.0
,Brazil,Rural / Central-Eastern Rio Grande do Sul,Global Living Wage Coalition Living income estimate,4.0,2.0,2025.0,66588.0,2.1,https://globallivingwage.org/living-wage-benchmarks/living-income-report-for-rural-central-eastern-rio-grande-do-sul-brazil/,,,,
,Brazil,Rural / Central-Eastern Rio Grande do Sul,Global Living Wage Coalition Living income estimate,4.0,2.0,2024.0,62856.0,2.1,https://globallivingwage.org/living-wage-benchmarks/living-income-report-for-rural-central-eastern-rio-grande-do-sul-brazil/,,,,23.0
,Brazil,State of Rio Grande do Sul / RS01,Global Living Wage Coalition Living income estimate,4.0,2.0,2024.0,55020.0,2.1,https://globallivingwage.org/subnational-estimates/living-wage-and-living-income-sub-national-estimates-for-the-state-of-rio-grande-do-sul/,,,,9.0
,Brazil,State of Rio Grande do Sul / RS02,Global Living Wage Coalition Living income estimate,4.0,2.0,2024.0,61836.0,2.1,https://globallivingwage.org/subnational-estimates/living-wage-and-living-income-sub-national-estimates-for-the-state-of-rio-grande-do-sul/,,,,10.0
,Brazil,State of Rio Grande do Sul / RS03,Global Living Wage Coalition Living income estimate,4.0,2.0,2024.0,67044.0,2.1,https://globallivingwage.org/subnational-estimates/living-wage-and-living-income-sub-national-estimates-for-the-state-of-rio-grande-do-sul/,,,,11.0
,Brazil,State of Rio Grande do Sul / RS04,Global Living Wage Coalition Living income estimate,4.0,2.0,2024.0,83340.0,2.1,https://globallivingwage.org/subnational-estimates/living-wage-and-living-income-sub-national-estimates-for-the-state-of-rio-grande-do-sul/,,,,12.0
,Brazil,State of Santa Catarina / SC01,Global Living Wage Coalition Living income estimate,4.0,2.0,2024.0,47868.0,2.1,https://globallivingwage.org/subnational-estimates/living-wage-and-living-income-sub-national-estimates-for-the-state-of-rio-grande-do-sul/,,,,13.0
,Brazil,State of Santa Catarina / SC02,Global Living Wage Coalition Living income estimate,4.0,2.0,2024.0,58896.0,2.1,https://globallivingwage.org/subnational-estimates/living-wage-and-living-income-sub-national-estimates-for-the-state-of-santa-catarina/,,,,14.0
,Brazil,State of Santa Catarina / SC03,Global Living Wage Coalition Living income estimate,4.0,2.0,2024.0,62472.0,2.1,https://globallivingwage.org/subnational-estimates/living-wage-and-living-income-sub-national-estimates-for-the-state-of-santa-catarina/,,,,15.0
,Brazil,State of So Paulo / SP01,Global Living Wage Coalition Living income estimate,4.0,2.0,2024.0,51372.0,2.1,https://globallivingwage.org/subnational-estimates/living-wage-and-living-income-sub-national-estimates-for-the-state-of-sao-paulo//,,,,16.0
,Brazil,State of So Paulo / SP02,Global Living Wage Coalition Living income estimate,4.0,2.0,2024.0,55608.0,2.1,https://globallivingwage.org/subnational-estimates/living-wage-and-living-income-sub-national-estimates-for-the-state-of-sao-paulo//,,,,17.0
,Brazil,State of So Paulo / SP03,Global Living Wage Coalition Living income estimate,4.0,2.0,2024.0,60060.0,2.1,https://globallivingwage.org/subnational-estimates/living-wage-and-living-income-sub-national-estimates-for-the-state-of-sao-paulo//,,,,18.0
,Brazil,State of So Paulo / SP04,Global Living Wage Coalition Living income estimate,4.0,2.0,2024.0,63756.0,2.1,https://globallivingwage.org/subnational-estimates/living-wage-and-living-income-sub-national-estimates-for-the-state-of-sao-paulo//,,,,19.0
,Brazil,State of So Paulo / SP05,Global Living Wage Coalition Living income estimate,4.0,2.0,2024.0,71580.0,2.1,https://globallivingwage.org/subnational-estimates/living-wage-and-living-income-sub-national-estimates-for-the-state-of-sao-paulo//,,,,20.0
,Brazil,Urban / Minas Gerais South/Southwestern Region,Calculated from Global Living Wage Coalition,4.0,2.0,2025.0,51036.0,2.1,https://www.globallivingwage.org/living-wage-benchmarks/urban-brazil/,,,1.71,
,Brazil,Urban / Minas Gerais South/Southwestern Region,Calculated from Global Living Wage Coalition,4.0,2.0,2024.0,48516.0,2.1,https://www.globallivingwage.org/living-wage-benchmarks/urban-brazil/,,,,7.0
,Burkina Faso,Rural / All,Global Living Wage Coalition,5.5,2.0,2025.0,1298196.0,2.55,https://www.globallivingwage.org/reference-value/living-income-reference-value%e2%81%a0-rural-burkina-faso/,,,1.64,
,Burkina Faso,Rural / All,Global Living Wage Coalition,5.5,2.0,2024.0,1284072.0,2.55,https://www.globallivingwage.org/reference-value/living-income-reference-value%e2%81%a0-rural-burkina-faso/,,,,32.0
,Cambodia,Urban / All,Calculated from Global Living Wage Coalition,4.0,2.0,2025.0,20943857.0,2.1,https://www.globallivingwage.org/living-wage-reference-value-urban-cambodia/,,,1.8,
,Cambodia,Urban / All,Calculated from Global Living Wage Coalition,4.0,2.0,2024.0,20616120.0,2.1,https://www.globallivingwage.org/living-wage-reference-value-urban-cambodia/,,,,33.0
,Cameroon,Rural / All,Global Living Wage Coalition,5.5,2.0,2025.0,2359704.0,2.55,https://www.globallivingwage.org/reference-value/living-income-reference-value-rural-cameroon/,,,1.71,
,Cameroon,Rural / All,Global Living Wage Coalition,5.5,2.0,2024.0,2284272.0,2.55,https://www.globallivingwage.org/reference-value/living-income-reference-value-rural-cameroon/,,,,35.0
,Cameroon,Urban / All,Calculated from Global Living Wage Coalition,5.0,2.0,2025.0,3862790.4,2.4,https://www.globallivingwage.org/reference-value/living-wage-reference-value-for-urban-cameroon/,,,1.64,
,Cameroon,Urban / All,Calculated from Global Living Wage Coalition,5.0,2.0,2024.0,3736444.8,2.4,https://www.globallivingwage.org/reference-value/living-wage-reference-value-for-urban-cameroon/,,,,34.0
,Chad,Rural / All,Calculated from  Global Living Wage Coalition,6.0,2.0,2025.0,2359704.0,2.7,https://www.globallivingwage.org/reference-value/living-wage-reference-value-rural-chad/,,,1.68,
,Chad,Rural / All,Calculated from  Global Living Wage Coalition,6.0,2.0,2024.0,1847886.0,2.7,https://www.globallivingwage.org/reference-value/living-wage-reference-value-rural-chad/,,,,36.0
,Chile,Non-Metropolitan Urban / All,Calculated from  Global Living Wage Coalition,4.0,2.0,2025.0,19780309.0,2.1,https://www.globallivingwage.org/reference-value/living-wage-reference-value-non-metropolitan-urban-chile/,,,1.7,
,Chile,Non-Metropolitan Urban / All,Calculated from  Global Living Wage Coalition,4.0,2.0,2024.0,16553417.0,2.1,https://www.globallivingwage.org/reference-value/living-wage-reference-value-non-metropolitan-urban-chile/,,,,37.0
,China,Urban / Chengdu,Calculated from  Global Living Wage Coalition,3.5,2.0,2025.0,63840.0,1.95,https://www.globallivingwage.org/living-wage-benchmarks/urban-chengdu-china/,,,1.78,
,China,Urban / Chengdu,Calculated from  Global Living Wage Coalition,3.5,2.0,2024.0,52476.0,1.95,https://www.globallivingwage.org/living-wage-benchmarks/urban-chengdu-china/,,,,39.0
,China,Urban / Hangzhou,Calculated from  Global Living Wage Coalition,3.5,2.0,2025.0,90180.0,1.95,https://www.globallivingwage.org/living-wage-benchmarks/urban-hangzhou-china/,,,1.78,
,China,Urban / Hangzhou,Calculated from  Global Living Wage Coalition,3.5,2.0,2024.0,83544.0,1.95,https://www.globallivingwage.org/living-wage-benchmarks/urban-hangzhou-china/,,,,40.0
,China,Urban / Shanghai,Calculated from  Global Living Wage Coalition,3.5,2.0,2025.0,97704.0,1.95,https://www.globallivingwage.org/living-wage-benchmarks/urban-shanghai-china/,,,1.78,
,China,Urban / Shanghai,Calculated from  Global Living Wage Coalition,3.5,2.0,2024.0,90444.0,1.95,https://www.globallivingwage.org/living-wage-benchmarks/urban-shanghai-china/,,,,41.0
,China,Urban / Shenzhen,Calculated from  Global Living Wage Coalition,3.5,2.0,2025.0,83616.0,1.95,https://www.globallivingwage.org/living-wage-benchmarks/urban-shenzhen-china/,,,1.78,
,China,Urban / Shenzhen,Calculated from  Global Living Wage Coalition,3.5,2.0,2024.0,61872.0,1.95,https://www.globallivingwage.org/living-wage-benchmarks/urban-shenzhen-china/,,,,42.0
,China,Urban / Suzhou,Calculated from Global Living Wage Coalition,3.5,2.0,2025.0,83592.0,1.95,https://www.globallivingwage.org/living-wage-benchmarks/urban-suzhou-china/,,,1.78,
,China,Urban / Suzhou,Calculated from Global Living Wage Coalition,3.5,2.0,2024.0,77808.0,1.95,https://www.globallivingwage.org/living-wage-benchmarks/urban-suzhou-china/,,,,43.0
,China,Urban / Zhengzhou,Calculated from  Global Living Wage Coalition,3.5,2.0,2025.0,72852.0,1.95,https://www.globallivingwage.org/living-wage-benchmarks/living-wage-for-zhengzhou-china/,,,1.78,
,China,Urban / Zhengzhou,Calculated from  Global Living Wage Coalition,3.5,2.0,2024.0,60096.0,1.95,https://www.globallivingwage.org/living-wage-benchmarks/living-wage-for-zhengzhou-china/,,,,38.0
,Colombia,Rural / Rural Areas and Small Towns,Calculated from Global Living Wage Coalition,4.0,2.0,2025.0,40911252.0,2.1,https://www.globallivingwage.org/living-wage-benchmarks/living-wage-for-rural-areas-small-towns-colombia/,,,1.54,
,Colombia,Rural / Rural Areas and Small Towns,Calculated from Global Living Wage Coalition,4.0,2.0,2024.0,39027648.0,2.1,https://www.globallivingwage.org/living-wage-benchmarks/living-wage-for-rural-areas-small-towns-colombia/,,,,44.0
,Colombia,Urban-Rural / Caribbean coast,Calculated from  Global Living Wage Coalition,4.0,2.0,2025.0,42116292.0,2.1,https://www.globallivingwage.org/living-wage-benchmarks/living-wage-for-caribbean-coast-of-colombia/,,,1.61,
,Colombia,Urban-Rural / Caribbean coast,Calculated from  Global Living Wage Coalition,4.0,2.0,2024.0,40177212.0,2.1,https://www.globallivingwage.org/living-wage-benchmarks/living-wage-for-caribbean-coast-of-colombia/,,,,45.0
,"Congo, Dem. Rep.",Rural / All,Living Income Reference Value,6.0,2.0,2025.0,7645692.0,2.7,https://www.globallivingwage.org/reference-value/living-income-reference-value-rural-democratic-republic-of-congo/,,,,
,"Congo, Dem. Rep.",Rural / All,Living Income Reference Value,6.0,2.0,2024.0,7054464.0,2.7,https://www.globallivingwage.org/reference-value/living-income-reference-value-rural-democratic-republic-of-congo/,,,,48.0
,"Congo, Rep.",Rural / Congo/Congo Brazzaville,Calculated from  Global Living Wage Coalition,5.5,2.0,2025.0,2508147.0,2.55,https://www.globallivingwage.org/reference-value/living-wage-reference-value%e2%81%a0-rural-republic-of-congo/,,,1.77,
,"Congo, Rep.",Rural / Congo/Congo Brazzaville,Calculated from  Global Living Wage Coalition,5.5,2.0,2024.0,2480407.0,2.55,https://www.globallivingwage.org/reference-value/living-wage-reference-value%e2%81%a0-rural-republic-of-congo/,,,,46.0
,Costa Rica,Rural / Limn and Heredia Provinces,Calculated from  Global Living Wage Coalition,4.0,2.0,2025.0,8163420.0,2.1,https://www.globallivingwage.org/living-wage-benchmarks/rural-costa-rica-limon-and-heredia-provinces/,,,1.56,
,Costa Rica,Rural / Limn and Heredia Provinces,Calculated from  Global Living Wage Coalition,4.0,2.0,2024.0,8180976.0,2.1,https://www.globallivingwage.org/living-wage-benchmarks/rural-costa-rica-limon-and-heredia-provinces/,,,,49.0
,Cote d'Ivoire,Rural / All,Calculated from  Global Living Wage Coalition,5.5,2.0,2024.0,2876207.0,2.55,https://www.globallivingwage.org/living-wage-reference-value-rural-cote-divoire/,,,,50.0
,Cote d'Ivoire,Rural / Cocoa growing areas,Living Income Community of Practice,6.0,2.0,2024.0,3887292.0,2.7,https://www.living-income.com/fileadmin/living_income/Publications/Actual_Income_and_Gap_Measurement/2024_Update_Report_Cote_dIvoire_Living_Income_2024.pdf,,,,51.0
,Cote d'Ivoire,"Rural / Lagunes, Vallðe du Bandama and Lacs Districts",Calculated from  Global Living Wage Coalition,5.5,2.0,2025.0,3283080.0,2.55,https://www.globallivingwage.org/living-wage-benchmarks/living-wage-report-for-rural-lagunes-vallee-du-bandama-and-lacs-districts-of-cote-divoire/,,,1.61,
,Dominican Republic,Rural / Northern Region,Calculated from Global Living Wage Coalition,4.0,2.0,2025.0,554928.0,2.1,https://www.globallivingwage.org/living-wage-benchmarks/rural-dominican-republic/,,,1.67,
,Dominican Republic,Rural / Northern Region,Calculated from Global Living Wage Coalition,4.0,2.0,2024.0,535164.0,2.1,https://www.globallivingwage.org/living-wage-benchmarks/rural-dominican-republic/,,,,53.0
,Dominican Republic,Urban / Santo Domingo,Calculated from Global Living Wage Coalition,4.0,2.0,2025.0,756972.0,2.1,https://www.globallivingwage.org/living-wage-benchmarks/living-wage-for-santo-domingo-dominican-republic/,,,1.71,
,Dominican Republic,Urban / Santo Domingo,Calculated from Global Living Wage Coalition,4.0,2.0,2024.0,731004.0,2.1,https://www.globallivingwage.org/living-wage-benchmarks/living-wage-for-santo-domingo-dominican-republic/,,,,52.0
,East Timor,Rural / All,Living Income Reference Value,5.0,2.0,2025.0,3816.0,2.4,https://www.globallivingwage.org/reference-value/living-income-and-living-wage-reference-value-for-rural-east-timor/,,,1.6,
,East Timor,Rural / All,Living Income Reference Value,5.0,2.0,2024.0,3816.0,2.4,https://www.globallivingwage.org/reference-value/living-income-and-living-wage-reference-value-for-rural-east-timor/,,,,54.0
,Ecuador,Rural / Southern Coastal Region,Calculated from  Global Living Wage Coalition,4.0,2.0,2025.0,8916.0,2.1,https://www.globallivingwage.org/living-wage-benchmarks/living-wage-for-rural-ecuador/,,,1.61,
,Ecuador,Rural / Southern Coastal Region,Calculated from  Global Living Wage Coalition,4.0,2.0,2024.0,8796.0,2.1,https://www.globallivingwage.org/living-wage-benchmarks/living-wage-for-rural-ecuador/,,,,55.0
,"Egypt, Arab Rep.",Rural / All,Calculated from  Global Living Wage Coalition,5.0,2.0,2025.0,162486.0,2.4,https://www.globallivingwage.org/reference-value/living-wage-reference-value-rural-egypt/,,,1.53,
,"Egypt, Arab Rep.",Rural / All,Calculated from  Global Living Wage Coalition,5.0,2.0,2024.0,139004.0,2.4,https://www.globallivingwage.org/reference-value/living-wage-reference-value-rural-egypt/,,,,56.0
,"Egypt, Arab Rep.",Rural / All,Calculated from  Global Living Wage Coalition,5.0,2.0,2020.0,67675.0,2.4,https://www.globallivingwage.org/reference-value/living-wage-reference-value-rural-egypt/,,,,56.0
,El Salvador,Rural / All,Calculated from  Global Living Wage Coalition,4.5,2.0,2025.0,7060.0,2.25,https://globallivingwage.org/reference-value/living-wage-reference-value-rural-el-salvador/,,,1.59,
,El Salvador,Rural / All,Calculated from  Global Living Wage Coalition,4.5,2.0,2024.0,6701.0,2.25,https://globallivingwage.org/reference-value/living-wage-reference-value-rural-el-salvador/,,,,58.0
,El Salvador,Rural / All,Calculated from  Global Living Wage Coalition,4.5,2.0,2020.0,5838.0,2.25,https://globallivingwage.org/reference-value/living-wage-reference-value-rural-el-salvador/,,,,58.0
,El Salvador,Urban / All,Calculated from  Global Living Wage Coalition,4.0,2.0,2025.0,9173.0,2.1,https://globallivingwage.org/reference-value/living-wage-reference-value-urban-el-salvador/,,,1.56,
,El Salvador,Urban / All,Calculated from  Global Living Wage Coalition,4.0,2.0,2024.0,9192.0,2.1,https://globallivingwage.org/reference-value/living-wage-reference-value-urban-el-salvador/,,,,57.0
,El Salvador,Urban / All,Calculated from  Global Living Wage Coalition,4.0,2.0,2023.0,9060.0,2.1,https://globallivingwage.org/reference-value/living-wage-reference-value-urban-el-salvador/,,,,57.0
,El Salvador,Urban / All,Calculated from  Global Living Wage Coalition,4.0,2.0,2022.0,8724.0,2.1,https://globallivingwage.org/reference-value/living-wage-reference-value-urban-el-salvador/,,,,57.0
,Ethiopia,Non-Metropolitan Urban / Ziway Region,Calculated from  Global Living Wage Coalition,5.0,2.0,2025.0,279936.0,2.4,https://www.globallivingwage.org/living-wage-benchmarks/non-metropolitan-urban-ethiopia/,,,1.65,
,Ethiopia,Non-Metropolitan Urban / Ziway Region,Calculated from  Global Living Wage Coalition,5.0,2.0,2024.0,245772.0,2.4,https://www.globallivingwage.org/living-wage-benchmarks/non-metropolitan-urban-ethiopia/,,,,59.0
,Ethiopia,Rural / Oromia Region,Global Living Wage Coalition,5.5,2.0,2025.0,263652.0,2.55,https://globallivingwage.org/living-wage-benchmarks/living-income-and-living-wage-report-for-rural-oromia-ethiopia/,,,1.6,
,Ethiopia,Rural Guji zone / Oromia Region,Global Living Wage Coalition,4.88,2.0,2021.0,102528.0,2.364,https://globallivingwage.org/resource-library/?fwp_country=ethiopia,,,,60.0
,Gabon,Rural / All,Calculated from  Global Living Wage Coalition,5.0,2.0,2025.0,4158574.0,2.4,https://globallivingwage.org/reference-value/living-wage-reference-value%e2%81%a0-rural-gabon/,,,1.65,
,Gabon,Rural / All,Calculated from  Global Living Wage Coalition,5.0,2.0,2024.0,4136260.0,2.4,https://globallivingwage.org/reference-value/living-wage-reference-value%e2%81%a0-rural-gabon/,,,,62.0
,Gabon,Urban / All,Calculated from  Global Living Wage Coalition,5.0,2.0,2025.0,5510261.0,2.4,https://globallivingwage.org/reference-value/living-wage-reference-value%e2%81%a0-urban-gabon/,,,1.65,
,Gabon,Urban / All,Calculated from  Global Living Wage Coalition,5.0,2.0,2024.0,5480699.0,2.4,https://globallivingwage.org/reference-value/living-wage-reference-value%e2%81%a0-urban-gabon/,,,,61.0
,Ghana,Peri-Urban / Lower Volta Region,Calculated from  Global Living Wage Coalition,4.5,2.0,2025.0,68940.0,2.25,https://www.globallivingwage.org/living-wage-benchmarks/ghana/,,,1.78,
,Ghana,Peri-Urban / Lower Volta Region,Calculated from  Global Living Wage Coalition,4.5,2.0,2024.0,60660.0,2.25,https://www.globallivingwage.org/living-wage-benchmarks/ghana/,,,,63.0
,Ghana,"Rural / Cocoa growing areas of Ashanti, Central, Eastern, Western Regions",Living Income Community of Practice,5.0,2.0,2024.0,51660.0,2.4,https://www.living-income.com/fileadmin/living_income/Publications/Actual_Income_and_Gap_Measurement/2024_Update_Report_Ghana_Living_Income_2024.pdf,,,,64.0
,Guatemala,Rural / Central Valley Area,Calculated from  Global Living Wage Coalition,5.0,2.0,2025.0,67488.0,2.4,https://www.globallivingwage.org/living-wage-benchmarks/rural-guatemala/,,,1.53,
,Guatemala,Rural / Central Valley Area,Calculated from  Global Living Wage Coalition,5.0,2.0,2024.0,66300.0,2.4,https://www.globallivingwage.org/living-wage-benchmarks/rural-guatemala/,,,,66.0
,Guatemala,Urban / Urban Guatemala,Calculated from  Global Living Wage Coalition,4.0,2.0,2025.0,92656.0,2.1,https://globallivingwage.org/reference-value/living-wage-reference-value-urban-guatemala/,,,1.63,
,Guatemala,Urban / Urban Guatemala,Calculated from  Global Living Wage Coalition,4.0,2.0,2024.0,91267.0,2.1,https://globallivingwage.org/reference-value/living-wage-reference-value-urban-guatemala/,,,,65.0
,Guatemala,Urban / Urban Guatemala,Calculated from  Global Living Wage Coalition,4.0,2.0,2023.0,88802.0,2.1,https://globallivingwage.org/reference-value/living-wage-reference-value-urban-guatemala/,,,,65.0
,Guatemala,Urban / Urban Guatemala,Calculated from  Global Living Wage Coalition,4.0,2.0,2022.0,86084.0,2.1,https://globallivingwage.org/reference-value/living-wage-reference-value-urban-guatemala/,,,,65.0
,Honduras,Rural / All,Calculated from  Global Living Wage Coalition,4.5,2.0,2025.0,166914.0,2.25,https://globallivingwage.org/reference-value/living-wage-reference-value-for-rural-honduras/,,,1.65,
,Honduras,Rural / All,Calculated from  Global Living Wage Coalition,4.5,2.0,2024.0,156064.0,2.25,https://globallivingwage.org/reference-value/living-wage-reference-value-for-rural-honduras/,,,,68.0
,Honduras,"Rural coffee-growing regions / Comayagua, Copn, and El Paraso",New Foresight,4.6,2.0,2023.0,217620.0,2.28,,,,,69.0
,Honduras,Urban / All,Calculated from  Global Living Wage Coalition,4.0,2.0,2025.0,216885.0,2.1,https://globallivingwage.org/reference-value/living-wage-reference-value-urban-honduras/,,,1.72,
,Honduras,Urban / All,Calculated from  Global Living Wage Coalition,4.0,2.0,2024.0,202767.0,2.1,https://globallivingwage.org/reference-value/living-wage-reference-value-urban-honduras/,,,,67.0
,India,Rural / Andhra Pradesh,Calculated from  Global Living Wage Coalition,4.0,2.0,2025.0,336408.0,2.1,https://globallivingwage.org/living-wage-benchmarks/living-wage-for-rural-andhra-pradesh-india/,,,1.67,
,India,Rural / Andhra Pradesh,Calculated from  Global Living Wage Coalition,4.0,2.0,2024.0,338112.0,2.1,https://globallivingwage.org/living-wage-benchmarks/living-wage-for-rural-andhra-pradesh-india/,,,,70.0
,India,"Rural / Bhadohi, Uttar Pradesh",Calculated from  Global Living Wage Coalition,5.0,2.0,2025.0,252132.0,2.4,https://www.globallivingwage.org/living-wage-benchmarks/rural-india/,,,1.546,
,India,"Rural / Bhadohi, Uttar Pradesh",Calculated from  Global Living Wage Coalition,5.0,2.0,2024.0,249372.0,2.4,https://www.globallivingwage.org/living-wage-benchmarks/rural-india/,,,,74.0
,India,Rural / Madhya Pradesh/Chhindwara District,Calculated from  Global Living Wage Coalition,4.5,2.0,2025.0,268836.0,2.25,https://globallivingwage.org/living-wage-benchmarks/rural-madhya-pradesh-india-chhindwara-district/,,,1.67,
,India,Rural / Madhya Pradesh/Chhindwara District,Calculated from  Global Living Wage Coalition,4.5,2.0,2024.0,264336.0,2.25,https://globallivingwage.org/living-wage-benchmarks/rural-madhya-pradesh-india-chhindwara-district/,,,,71.0
,India,Rural / Madhya Pradesh/Ratlam District,Calculated from  Global Living Wage Coalition,4.5,2.0,2025.0,285732.0,2.25,https://globallivingwage.org/living-wage-benchmarks/rural-madhya-pradesh-india-ratlam-district/,,,1.67,
,India,Rural / Madhya Pradesh/Ratlam District,Calculated from  Global Living Wage Coalition,4.5,2.0,2024.0,280944.0,2.25,https://globallivingwage.org/living-wage-benchmarks/rural-madhya-pradesh-india-ratlam-district/,,,,72.0
,India,"Rural / Rural Nilgiris, Tamil Nadu",Calculated from  Global Living Wage Coalition,4.0,2.0,2025.0,290256.0,2.1,https://www.globallivingwage.org/living-wage-benchmarks/rural-nilgiris-tamil-nadu-india/,,,1.73,
,India,"Rural / Rural Nilgiris, Tamil Nadu",Calculated from  Global Living Wage Coalition,4.0,2.0,2024.0,284412.0,2.1,https://www.globallivingwage.org/living-wage-benchmarks/rural-nilgiris-tamil-nadu-india/,,,,75.0
,India,"Urban / Tiruppur, Tamil Nadu",Calculated from  Global Living Wage Coalition,4.0,2.0,2025.0,351180.0,2.1,https://www.globallivingwage.org/living-wage-benchmarks/urban-india/,,,1.58,
,India,"Urban / Tiruppur, Tamil Nadu",Calculated from  Global Living Wage Coalition,4.0,2.0,2024.0,343200.0,2.1,https://www.globallivingwage.org/living-wage-benchmarks/urban-india/,,,,73.0
,Indonesia,Rural / Central Sulawesi,Living Income Reference Value,4.0,2.0,2025.0,64443108.0,2.1,https://www.globallivingwage.org/living-wage-benchmarks/living-income-for-rural-central-sulawesi-indonesia/,,,,
,Indonesia,Rural / Central Sulawesi,Living Income Reference Value,4.0,2.0,2024.0,63258648.0,2.1,https://www.globallivingwage.org/living-wage-benchmarks/living-income-for-rural-central-sulawesi-indonesia/,,,,81.0
,Indonesia,Rural / Rural Aceh,Living Income Reference Value,4.0,2.0,2025.0,65558796.0,2.1,https://www.globallivingwage.org/living-wage-benchmarks/living-income-for-rural-aceh-indonesia/,,,,
,Indonesia,Rural / Rural Aceh,Living Income Reference Value,4.0,2.0,2024.0,64353828.0,2.1,https://www.globallivingwage.org/living-wage-benchmarks/living-income-for-rural-aceh-indonesia/,,,,76.0
,Indonesia,Rural / Rural Lampung Province,Living Income Reference Value,4.0,2.0,2025.0,65072916.0,2.1,https://www.globallivingwage.org/living-wage-benchmarks/living-income-report-for-rural-lampung-province-indonesia/,,,,
,Indonesia,Rural / Rural Lampung Province,Living Income Reference Value,4.0,2.0,2024.0,63876888.0,2.1,https://www.globallivingwage.org/living-wage-benchmarks/living-income-report-for-rural-lampung-province-indonesia/,,,,80.0
,Indonesia,"Rural / Rural Rembang, Central Java",Living Income Reference Value,4.0,2.0,2025.0,65126940.0,2.1,https://www.globallivingwage.org/living-wage-benchmarks/living-income-report-for-rural-rembang-central-java-indonesia/,,,,
,Indonesia,"Rural / Rural Rembang, Central Java",Living Income Reference Value,4.0,2.0,2024.0,63984048.0,2.1,https://www.globallivingwage.org/living-wage-benchmarks/living-income-report-for-rural-rembang-central-java-indonesia/,,,,77.0
,Indonesia,Urban / Urban Banten Province,Calculated from Global Living Wage Coalition,4.0,2.0,2024.0,89779536.0,2.1,https://www.globallivingwage.org/living-wage-benchmarks/living-wage-report-for-urban-banten-indonesia/,,,,79.0
,Indonesia,Urban / Urban West Java Province (SUBANG AND GARUT),Calculated from Global Living Wage Coalition,4.0,2.0,2025.0,78068844.0,2.1,https://www.globallivingwage.org/living-wage-benchmarks/living-wage-report-for-urban-west-java-indonesia/,,,,
,Indonesia,Urban / Urban West Java Province (SUBANG AND GARUT),Calculated from Global Living Wage Coalition,4.0,2.0,2024.0,76633944.0,2.1,https://www.globallivingwage.org/living-wage-benchmarks/living-wage-report-for-urban-west-java-indonesia/,,,,78.0
,Jordan,Urban / All,Calculated from  Global Living Wage Coalition,4.5,2.0,2025.0,6640.0,2.25,https://globallivingwage.org/reference-value/living-wage-reference-value-urban-jordan/,,,1.46,
,Jordan,Urban / All,Calculated from  Global Living Wage Coalition,4.5,2.0,2024.0,6517.0,2.25,https://globallivingwage.org/reference-value/living-wage-reference-value-urban-jordan/,,,,82.0
,Kenya,Non-metropolitan Urban / Lake Naivasha,Calculated from  Global Living Wage Coalition,5.0,2.0,2025.0,681144.0,2.4,https://globallivingwage.org/living-wage-benchmarks/non-metropolitan-urban-kenya/,,,1.69,
,Kenya,Non-metropolitan Urban / Lake Naivasha,Calculated from  Global Living Wage Coalition,5.0,2.0,2024.0,656112.0,2.4,https://globallivingwage.org/living-wage-benchmarks/non-metropolitan-urban-kenya/,,,,84.0
,Kenya,Rural / Kericho,Calculated from  Global Living Wage Coalition,5.0,2.0,2025.0,619752.0,2.4,https://globallivingwage.org/living-wage-benchmarks/living-wage-for-rural-kericho-kenya/,,,1.74,
,Kenya,Rural / Kericho,Calculated from  Global Living Wage Coalition,5.0,2.0,2024.0,596976.0,2.4,https://globallivingwage.org/living-wage-benchmarks/living-wage-for-rural-kericho-kenya/,,,,83.0
,Lao PDR,Rural / All,Living Income Reference Value,4.5,2.0,2025.0,73024290.0,2.25,https://www.globallivingwage.org/reference-value/living-income-and-living-wage-reference-value-for-rural-lao-pdr/,,,1.5,
,Lao PDR,Rural / All,Living Income Reference Value,4.5,2.0,2024.0,69199656.0,2.25,https://www.globallivingwage.org/reference-value/living-income-and-living-wage-reference-value-for-rural-lao-pdr/,,,,85.0
,Madagascar,Rural / All,Global Living Wage Coalition,5.0,2.0,2025.0,9019596.0,2.4,https://www.globallivingwage.org/reference-value/living-income-reference-value-rural-madagascar/,,,1.78,
,Madagascar,Rural / All,Global Living Wage Coalition,5.0,2.0,2024.0,8317020.0,2.4,https://www.globallivingwage.org/reference-value/living-income-reference-value-rural-madagascar/,,,,86.0
,Malawi,Rural / Southern Region,Calculated from  Global Living Wage Coalition,5.0,2.0,2025.0,4806912.0,2.4,https://www.globallivingwage.org/living-wage-benchmarks/rural-malawi/,,,1.59,
,Malawi,Rural / Southern Region,Calculated from  Global Living Wage Coalition,5.0,2.0,2024.0,3782304.0,2.4,https://www.globallivingwage.org/living-wage-benchmarks/rural-malawi/,,,,87.0
,Mauritius,All / All,Calculated from Global Living Wage Coalition,4.0,2.0,2025.0,525972.0,2.1,https://www.globallivingwage.org/living-wage-benchmarks/mauritius/,,,,
,Mauritius,All / All,Calculated from Global Living Wage Coalition,4.0,2.0,2024.0,485916.0,2.1,https://www.globallivingwage.org/living-wage-benchmarks/mauritius/,,,,88.0
,Mexico,Municipality of Ensenada / Baja California,Calculated from Global Living Wage Coalition,4.0,2.0,2025.0,353940.0,2.1,https://www.globallivingwage.org/living-wage-benchmarks/living-wage-for-baja-california-mexico/,,,1.71,
,Mexico,Municipality of Ensenada / Baja California,Calculated from Global Living Wage Coalition,4.0,2.0,2024.0,339288.0,2.1,https://www.globallivingwage.org/living-wage-benchmarks/living-wage-for-baja-california-mexico/,,,,93.0
,Mexico,Municipality of San Quintn / Baja California,Calculated from Global Living Wage Coalition,4.0,2.0,2025.0,331620.0,2.1,https://www.globallivingwage.org/living-wage-benchmarks/living-wage-for-baja-california-mexico-san-quintin/,,,1.69,
,Mexico,Municipality of San Quintn / Baja California,Calculated from Global Living Wage Coalition,4.0,2.0,2024.0,317892.0,2.1,https://www.globallivingwage.org/living-wage-benchmarks/living-wage-for-baja-california-mexico-san-quintin/,,,,92.0
,Mexico,"Non-metropolitan Urban & Rural / Michoacn, northwestern regions",Calculated from  Global Living Wage Coalition,4.0,2.0,2025.0,258132.0,2.1,https://www.globallivingwage.org/living-wage-benchmarks/living-wage-for-michoacan-mexico/,,,1.63,
,Mexico,"Non-metropolitan Urban & Rural / Michoacn, northwestern regions",Calculated from  Global Living Wage Coalition,4.0,2.0,2024.0,247440.0,2.1,https://www.globallivingwage.org/living-wage-benchmarks/living-wage-for-michoacan-mexico/,,,,91.0
,Mexico,Rural Areas and Small Towns / Rural Areas and Small Towns of Nayarit,Calculated from  Global Living Wage Coalition,4.0,2.0,2025.0,248316.0,2.1,https://globallivingwage.org/living-wage-benchmarks/living-wage-for-rural-areas-nayarit-mexico/,,,1.67,
,Mexico,Rural Areas and Small Towns / Rural Areas and Small Towns of Nayarit,Calculated from  Global Living Wage Coalition,4.0,2.0,2024.0,238032.0,2.1,https://globallivingwage.org/living-wage-benchmarks/living-wage-for-rural-areas-nayarit-mexico/,,,,90.0
,Mexico,Yucatn / Rural Areas and Small Towns in Yucatan,Calculated from  Global Living Wage Coalition,4.0,2.0,2025.0,237024.0,2.1,https://globallivingwage.org/living-wage-benchmarks/living-wage-for-rural-areas-yucatan-mexico/,,,1.7,
,Mexico,Yucatn / Rural Areas and Small Towns in Yucatan,Calculated from  Global Living Wage Coalition,4.0,2.0,2024.0,227208.0,2.1,https://globallivingwage.org/living-wage-benchmarks/living-wage-for-rural-areas-yucatan-mexico/,,,,89.0
,Morocco,Rural / All,Calculated from  Global Living Wage Coalition,4.5,2.0,2025.0,49365.0,2.25,https://www.globallivingwage.org/reference-value/living-wage-reference-value-rural-morocco/,,,1.56,
,Morocco,Rural / All,Calculated from  Global Living Wage Coalition,4.5,2.0,2024.0,49159.0,2.25,https://www.globallivingwage.org/reference-value/living-wage-reference-value-rural-morocco/,,,,94.0
,Mozambique,Rural / All,Global Living Wage Coalition,5.5,2.0,2025.0,150204.0,2.55,https://www.globallivingwage.org/reference-value/living-income-reference-value-rural-mozambique/,,,1.71,
,Mozambique,Rural / All,Global Living Wage Coalition,5.5,2.0,2024.0,138804.0,2.55,https://www.globallivingwage.org/reference-value/living-income-reference-value-rural-mozambique/,,,,95.0
,Nepal,Rural / All,Global Living Wage Coalition,4.0,2.0,2025.0,364548.0,2.1,https://www.globallivingwage.org/reference-value/living-wage-and-living-income-reference-value-for-rural-nepal/,,,1.63,
,Nepal,Rural / All,Global Living Wage Coalition,4.0,2.0,2024.0,364548.0,2.1,https://www.globallivingwage.org/reference-value/living-wage-and-living-income-reference-value-for-rural-nepal/,,,,96.0
,Nicaragua,Rural-Urban / Northwest,Calculated from  Global Living Wage Coalition,4.0,2.0,2025.0,235344.0,2.1,https://www.globallivingwage.org/living-wage-benchmarks/northwest-nicaragua/,,,1.62,
,Nicaragua,Rural-Urban / Northwest,Calculated from  Global Living Wage Coalition,4.0,2.0,2024.0,231684.0,2.1,https://www.globallivingwage.org/living-wage-benchmarks/northwest-nicaragua/,,,,98.0
,Nicaragua,Urban / Managua Free Trade Zone,Calculated from  Global Living Wage Coalition,4.0,2.0,2025.0,289764.0,2.1,https://globallivingwage.org/living-wage-benchmarks/managua-nicaragua/,,,1.68,
,Nicaragua,Urban / Managua Free Trade Zone,Calculated from  Global Living Wage Coalition,4.0,2.0,2024.0,288348.0,2.1,https://globallivingwage.org/living-wage-benchmarks/managua-nicaragua/,,,,97.0
,Nigeria,Rural / All,Global Living Wage Coalition,5.0,2.0,2025.0,5164128.0,2.4,https://www.globallivingwage.org/reference-value/living-income-reference-value%e2%81%a0-rural-nigeria/,,,1.71,
,Nigeria,Rural / All,Global Living Wage Coalition,5.0,2.0,2024.0,3692296.0,2.4,https://www.globallivingwage.org/reference-value/living-income-reference-value%e2%81%a0-rural-nigeria/,,,1.71,
,Nigeria,Rural / All,Global Living Wage Coalition,5.0,2.0,2020.0,1664136.0,2.4,https://www.globallivingwage.org/reference-value/living-income-reference-value%e2%81%a0-rural-nigeria/,,,,99.0
,Pakistan,Rural / Khyber Pakhtunkhwa (KP),Calculated from Global Living Wage Coalition,6.0,2.0,2025.0,1171800.0,2.7,https://www.globallivingwage.org/living-wage-benchmarks/living-income-for-rural-kp-pakistan/,,,,
,Pakistan,Rural / Khyber Pakhtunkhwa (KP),Calculated from Global Living Wage Coalition,6.0,2.0,2024.0,1131372.0,2.7,https://www.globallivingwage.org/living-wage-benchmarks/living-income-for-rural-kp-pakistan/,,,,101.0
,Pakistan,Rural / Sialkot,Calculated from  Global Living Wage Coalition,5.5,2.0,2025.0,893664.0,2.55,https://www.globallivingwage.org/living-wage-benchmarks/rural-pakistan/,,,,
,Pakistan,Rural / Sialkot,Calculated from  Global Living Wage Coalition,5.5,2.0,2024.0,862776.0,2.55,https://www.globallivingwage.org/living-wage-benchmarks/rural-pakistan/,,,,100.0
,Pakistan,Urban / Sialkot,Calculated from  Global Living Wage Coalition,5.0,2.0,2025.0,953856.0,2.4,https://www.globallivingwage.org/living-wage-benchmarks/urban-pakistan/,,,1.534,
,Pakistan,Urban / Sialkot,Calculated from  Global Living Wage Coalition,5.0,2.0,2023.0,806040.0,2.4,https://www.globallivingwage.org/living-wage-benchmarks/urban-pakistan/,,,,102.0
,Panama,Rural / All,Calculated from  Global Living Wage Coalition,4.0,2.0,2025.0,11028.0,2.1,https://globallivingwage.org/reference-value/living-wage-reference-value-rural-panama/,,,1.68,
,Panama,Rural / All,Calculated from  Global Living Wage Coalition,4.0,2.0,2024.0,11048.0,2.1,https://globallivingwage.org/reference-value/living-wage-reference-value-rural-panama/,,,,103.0
,Papua New Guinea,Rural / All,Global Living Wage Coalition,5.0,2.0,2025.0,21912.0,2.4,https://www.globallivingwage.org/reference-value/living-income-reference-value-rural-papua-new-guinea/,,,1.67,
,Papua New Guinea,Rural / All,Global Living Wage Coalition,5.0,2.0,2024.0,21144.0,2.4,https://www.globallivingwage.org/reference-value/living-income-reference-value-rural-papua-new-guinea/,,,,104.0
,Peru,Rural / All,Global Living Wage Coalition,5.0,2.0,2025.0,30792.0,2.4,https://globallivingwage.org/reference-value/living-income-reference-value-rural-peru/,,,1.72,
,Peru,Rural / All,Global Living Wage Coalition,5.0,2.0,2024.0,30264.0,2.4,https://globallivingwage.org/reference-value/living-income-reference-value-rural-peru/,,,,106.0
,Peru,Rural Areas and Small Towns / Rural coffee and cocoa growing regions,Global Living Wage Coalition,4.0,2.0,2025.0,31464.0,2.1,https://globallivingwage.org/living-wage-benchmarks/living-wage-for-rural-areas-of-san-martin-peru/,,,,
,Peru,Rural Areas and Small Towns / Rural coffee and cocoa growing regions,Global Living Wage Coalition,4.0,2.0,2024.0,30936.0,2.1,https://globallivingwage.org/living-wage-benchmarks/living-wage-for-rural-areas-of-san-martin-peru/,,,,105.0
,Peru,Rural Areas and Small Towns / All coffee and cocoa growing regions,Global Living Wage Coalition,4.0,2.0,2023.0,30360.0,2.1,https://globallivingwage.org/resource-library/?fwp_country=peru,,,,111.0
,Peru,Rural Areas and Small Towns / Cajamarca,Global Living Wage Coalition,4.0,2.0,2022.0,25752.0,2.1,https://globallivingwage.org/resource-library/?fwp_country=peru,,,,108.0
,Peru,Rural Areas and Small Towns / Cusco,Global Living Wage Coalition,4.0,2.0,2022.0,28308.0,2.1,https://globallivingwage.org/resource-library/?fwp_country=peru,,,,110.0
,Peru,Rural Areas and Small Towns / Junn,Global Living Wage Coalition,4.0,2.0,2022.0,25212.0,2.1,https://globallivingwage.org/resource-library/?fwp_country=peru,,,,109.0
,Peru,Rural Areas and Small Towns / San Martn,Global Living Wage Coalition,4.0,2.0,2022.0,28452.0,2.1,https://globallivingwage.org/resource-library/?fwp_country=peru,,,,107.0
,Philippines,Rural / Ilocos Sur Province,Global Living Wage Coalition,4.5,2.0,2025.0,316008.0,2.25,https://globallivingwage.org/living-wage-benchmarks/living-wage-for-rural-ilocos-philippines/,,,,
,Philippines,Rural / Ilocos Sur Province,Global Living Wage Coalition,4.5,2.0,2024.0,313440.0,2.25,https://globallivingwage.org/living-wage-benchmarks/living-wage-for-rural-ilocos-philippines/,,,,112.0
,Rwanda,Rural / All,Global Living Wage Coalition,5.0,2.0,2025.0,3588744.0,2.4,https://www.globallivingwage.org/reference-value/living-income-reference-value-rural-rwanda/,,,1.69,
,Rwanda,Rural / All,Global Living Wage Coalition,5.0,2.0,2024.0,3369324.0,2.4,https://www.globallivingwage.org/reference-value/living-income-reference-value-rural-rwanda/,,,,113.0
,Rwanda,Rural / coffee-producing households in the Western province,New Foresight,5.4,2.0,2023.0,2565276.0,2.52,,,,,114.0
,South Africa,Rural / Western Cape Province,Calculated from  Global Living Wage Coalition,4.5,2.0,2025.0,152448.0,2.25,https://www.globallivingwage.org/living-wage-benchmarks/rural-south-africa/,,,1.64,
,South Africa,Rural / Western Cape Province,Calculated from  Global Living Wage Coalition,4.5,2.0,2024.0,108924.0,2.25,https://www.globallivingwage.org/living-wage-benchmarks/rural-south-africa/,,,,115.0
,Sri Lanka,Rural / Estate Sector,Calculated from  Global Living Wage Coalition,4.5,2.0,2025.0,939504.0,2.25,https://www.globallivingwage.org/living-wage-benchmarks/living-wage-estimate-for-sri-lanka/,,,1.76,
,Sri Lanka,Rural / Estate Sector,Calculated from  Global Living Wage Coalition,4.5,2.0,2024.0,936804.0,2.25,https://www.globallivingwage.org/living-wage-benchmarks/living-wage-estimate-for-sri-lanka/,,,,116.0
,Sri Lanka,Urban / All,Calculated from Global Living Wage Coalition,4.0,2.0,2025.0,2036506.0,2.1,https://globallivingwage.org/reference-value/living-wage-reference-value-urban-sri-lanka/,,,1.6,117.0
,Sri Lanka,Urban / All,Calculated from Global Living Wage Coalition,4.0,2.0,2024.0,2048006.0,2.1,https://globallivingwage.org/reference-value/living-wage-reference-value-urban-sri-lanka/,,,1.6,117.0
,Tanzania,Rural / All,Global Living Wage Coalition,5.5,2.0,2025.0,6561516.0,2.55,https://www.globallivingwage.org/reference-value/living-income-reference-value-rural-tanzania/,,,1.73,
,Tanzania,Rural / All,Global Living Wage Coalition,5.5,2.0,2024.0,6349680.0,2.55,https://www.globallivingwage.org/reference-value/living-income-reference-value-rural-tanzania/,,,,118.0
,Tanzania,Urban / All,Calculated from  Global Living Wage Coalition,5.0,2.0,2025.0,8746845.0,2.4,https://globallivingwage.org/reference-value/living-wage-reference-value-urban-tanzania/,,,1.69,
,Tanzania,Urban / All,Calculated from  Global Living Wage Coalition,5.0,2.0,2024.0,8464467.0,2.4,https://globallivingwage.org/reference-value/living-wage-reference-value-urban-tanzania/,,,,119.0
,Thailand,Urban / All,Calculated from  Global Living Wage Coalition,4.0,2.0,2025.0,314107.0,2.1,https://www.globallivingwage.org/reference-value/living-wage-reference-value-urban-thailand/,,,1.8,
,Thailand,Urban / All,Calculated from  Global Living Wage Coalition,4.0,2.0,2024.0,293911.0,2.1,https://www.globallivingwage.org/reference-value/living-wage-reference-value-urban-thailand/,,,,120.0
,Togo,Rural / All,Global Living Wage Coalition,5.5,2.0,2025.0,1874760.0,2.55,https://www.globallivingwage.org/reference-value/living-income-reference-value-for-rural-togo/,,,1.71,
,Togo,Rural / All,Global Living Wage Coalition,5.5,2.0,2024.0,1866420.0,2.55,https://www.globallivingwage.org/reference-value/living-income-reference-value-for-rural-togo/,,,,121.0
,Togo,Rural / coffee-producing households in the Wawa prefecture,New Foresight,5.7,2.0,2023.0,2971452.0,2.61,,,,,123.0
,Togo,Urban / All,Calculated from Global Living Wage Coalition,5.0,2.0,2025.0,2497360.0,2.4,https://www.globallivingwage.org/reference-value/living-wage-reference-value-for-urban-togo/,,,1.69,
,Togo,Urban / All,Calculated from Global Living Wage Coalition,5.0,2.0,2024.0,2486267.0,2.4,https://www.globallivingwage.org/reference-value/living-wage-reference-value-for-urban-togo/,,,,122.0
,Tunisia,Rural / All,Calculated from  Global Living Wage Coalition,4.5,2.0,2025.0,16388.0,2.25,https://www.globallivingwage.org/reference-value/living-wage-reference-value-rural-tunisia/,,,1.46,
,Tunisia,Rural / All,Calculated from  Global Living Wage Coalition,4.5,2.0,2024.0,15558.0,2.25,https://www.globallivingwage.org/reference-value/living-wage-reference-value-rural-tunisia/,,,,124.0
,Turkey,Rural / All,Global Living Wage Coalition,4.0,2.0,2020.0,42612.0,2.1,https://www.globallivingwage.org/living-income-reference-value-rural-turkey/,,,,125.0
,Turkey,Urban / All,Calculated from  Global Living Wage Coalition,4.0,2.0,2021.0,89767.0,2.1,https://www.globallivingwage.org/living-wage-reference-value-urban-turkey/,,,1.51,126.0
,Uganda,Rural / Lake Victoria Basin,Calculated from  Global Living Wage Coalition,5.0,2.0,2025.0,14984556.0,2.4,https://www.globallivingwage.org/living-wage-benchmarks/living-wage-for-lake-victoria-basin-uganda/,,,1.78,
,Uganda,Rural / Lake Victoria Basin,Calculated from  Global Living Wage Coalition,5.0,2.0,2024.0,14423256.0,2.4,https://www.globallivingwage.org/living-wage-benchmarks/living-wage-for-lake-victoria-basin-uganda/,,,,127.0
,Vietnam,Rural / Minimum Wage Region 4,Calculated from Global Living Wage Coalition,4.0,2.0,2025.0,131761824.0,2.1,https://www.globallivingwage.org/living-wage-benchmarks/living-wage-report-for-minimum-wage-region-4-vietnam/,,,1.86,
,Vietnam,Rural / Minimum Wage Region 4,Calculated from Global Living Wage Coalition,4.0,2.0,2024.0,127290192.0,2.1,https://www.globallivingwage.org/living-wage-benchmarks/living-wage-report-for-minimum-wage-region-4-vietnam/,,,,131.0
,Vietnam,Rural / Economic Zone 4,Calculated from  Global Living Wage Coalition,4.0,2.0,2020.0,92750328.0,2.1,https://www.globallivingwage.org/living-wage-benchmarks/rural-vietnam/,,,,132.0
,Vietnam,Urban / Minimum Wage Region 1,Calculated from Global Living Wage Coalition,4.0,2.0,2025.0,173729124.0,2.1,https://www.globallivingwage.org/living-wage-benchmarks/living-wage-for-minimum-wage-region-1-vietnam/,,,1.86,
,Vietnam,Urban / Minimum Wage Region 1,Calculated from Global Living Wage Coalition,4.0,2.0,2024.0,167665596.0,2.1,https://www.globallivingwage.org/living-wage-benchmarks/living-wage-for-minimum-wage-region-1-vietnam/,,,,128.0
,Vietnam,Urban / Minimum Wage Region 2,Calculated from Global Living Wage Coalition,4.0,2.0,2025.0,158779476.0,2.1,https://www.globallivingwage.org/living-wage-benchmarks/living-wage-for-minimum-wage-region-2-vietnam/,,,1.86,
,Vietnam,Urban / Minimum Wage Region 2,Calculated from Global Living Wage Coalition,4.0,2.0,2024.0,153600396.0,2.1,https://www.globallivingwage.org/living-wage-benchmarks/living-wage-for-minimum-wage-region-2-vietnam/,,,,129.0
,Vietnam,Urban / Minimum Wage Region 3,Calculated from Global Living Wage Coalition,4.0,2.0,2025.0,154198644.0,2.1,https://www.globallivingwage.org/living-wage-benchmarks/living-wage-for-minimum-wage-region-3-vietnam/,,,1.86,
,Vietnam,Urban / Minimum Wage Region 3,Calculated from Global Living Wage Coalition,4.0,2.0,2024.0,149168988.0,2.1,https://www.globallivingwage.org/living-wage-benchmarks/living-wage-for-minimum-wage-region-3-vietnam/,,,,130.0
,Vietnam,Urban / Ho Chi Minh City,Calculated from  Global Living Wage Coalition,4.0,2.0,2020.0,142352304.0,2.1,https://www.globallivingwage.org/living-wage-benchmarks/urban-vietnam/,,,,133.0
,Zambia,Rural / All,Calculated from  Global Living Wage Coalition,6.0,2.0,2025.0,71132.0,2.7,https://globallivingwage.org/reference-value/living-wage-reference-value%e2%81%a0-rural-zambia/,,,1.76,
,Zambia,Rural / All,Calculated from  Global Living Wage Coalition,6.0,2.0,2024.0,62346.0,2.7,https://globallivingwage.org/reference-value/living-wage-reference-value%e2%81%a0-rural-zambia/,,,1.76,134.0
,Zambia,Rural / All,Calculated from  Global Living Wage Coalition,6.0,2.0,2023.0,54109.0,2.7,https://globallivingwage.org/reference-value/living-wage-reference-value%e2%81%a0-rural-zambia/,,,1.76,134.0
,Zambia,Rural / All,Calculated from  Global Living Wage Coalition,6.0,2.0,2022.0,49295.0,2.7,https://globallivingwage.org/reference-value/living-wage-reference-value%e2%81%a0-rural-zambia/,,,1.76,134.0
,Zimbabwe,Rural / All,Calculated from  Global Living Wage Coalition,5.0,2.0,2025.0,5313.0,2.4,https://globallivingwage.org/reference-value/living-wage-reference-value%e2%81%a0-rural-zimbabwe/,,,1.75,135.0
,Zimbabwe,Rural / All,Calculated from  Global Living Wage Coalition,5.0,2.0,2024.0,4536.0,2.4,https://globallivingwage.org/reference-value/living-wage-reference-value%e2%81%a0-rural-zimbabwe/,,,1.75,135.0
,Zimbabwe,Rural / All,Calculated from  Global Living Wage Coalition,5.0,2.0,2022.0,4368.0,2.4,https://globallivingwage.org/reference-value/living-wage-reference-value%e2%81%a0-rural-zimbabwe/,,,1.75,135.0
,nan,nan,,,,,,2.1,,,,,
