id,region,country_id,country
1,Cocoa growing regions / Belém and the metropolitan area,[26],['Brazil']
2,Cocoa growing regions / East Rondônia,[26],['Brazil']
3,Cocoa growing regions / South Bahia,[26],['Brazil']
4,Cocoa growing regions / Southeast Pará,[26],['Brazil']
5,Cocoa growing regions / Southwest Pará,[26],['Brazil']
6,Coffee growing regions / Triângulo Mineiro/Alto Paranaíba,[26],['Brazil']
7,Coffee growing regions / Zona da Mata mineira,[26],['Brazil']
8,Coffee or Cocoa growing regions / Northwest Espírito Santo,[26],['Brazil']
9,Municipality of Ensenada / Baja California,[119],['Mexico']
10,Municipality of San Quintín / Baja California,[119],['Mexico']
11,Non-Metropolitan Urban / All,"[39, 7]","['Chile', 'Argentina']"
12,Non-Metropolitan Urban / Ziway Region,[62],['Ethiopia']
13,"Non-metropolitan / State of São Paulo, non-metropolitan areas",[26],['Brazil']
14,"Non-metropolitan Urban & Rural / Michoacán, northwestern regions",[119],['Mexico']
15,Non-metropolitan Urban / Lake Naivasha,[95],['Kenya']
16,Peri-Urban / Lower Volta Region,[71],['Ghana']
17,Rural / All,"[129, 7, 135, 142, 143, 145, 19, 153, 30, 34, 38, 43, 46, 179, 181, 182, 56, 57, 185, 186, 67, 202, 203, 80, 101, 110, 124, 125]","['Nigeria', 'Peru', 'Gabon', 'Papua New Guinea', 'Turkiye', 'El Salvador', 'Panama', 'Chad', 'Tunisia', 'Mozambique', 'Togo', 'Rwanda', 'Congo, Dem. Rep.', 'Egypt, Arab Rep.', 'Honduras', 'Nepal', 'Argentina', 'Cameroon', 'Belize', 'Tanzania', 'Burkina Faso', 'Madagascar', 'Timor-Leste', 'Morocco', ""Cote d'Ivoire"", 'Zimbabwe', 'Lao PDR', 'Zambia']"
18,Rural / All/ Congo Kinshasa,[43],"['Congo, Dem. Rep.']"
19,Rural / Andhra Pradesh,[84],['India']
20,"Rural / Bhadohi, Uttar Pradesh",[84],['India']
21,Rural / Central Valley Area,[75],['Guatemala']
22,Rural / Cocoa growing areas,[46],"[""Cote d'Ivoire""]"
23,"Rural / Cocoa growing areas of Ashanti, Central, Eastern, Western Regions",[71],['Ghana']
24,Rural / Congo/Congo Brazzaville,[44],"['Congo, Rep.']"
25,Rural / Estate Sector,[170],['Sri Lanka']
26,Rural / Ilocos Sur Province,[146],['Philippines']
27,Rural / Kericho,[95],['Kenya']
28,Rural / Khyber Pakhtunkhwa (KP),[140],['Pakistan']
29,Rural / Lake Victoria Basin,[190],['Uganda']
30,Rural / Limón and Heredia Provinces,[45],['Costa Rica']
31,Rural / Madhya Pradesh/Chhindwara District,[84],['India']
32,Rural / Madhya Pradesh/Ratlam District,[84],['India']
33,Rural / Minimum Wage Region 4,[199],['Vietnam']
34,Rural / Northern Region,[54],['Dominican Republic']
35,Rural / Rural Areas and Small Towns,[41],['Colombia']
36,"Rural / Rural Nilgiris, Tamil Nadu",[84],['India']
37,Rural / Sialkot,[140],['Pakistan']
38,Rural / Southern Coastal Region,[55],['Ecuador']
39,Rural / Southern Region,[111],['Malawi']
40,Rural / Western Cape Province,[167],['South Africa']
41,Rural / coffee-producing households in Cuanza Sul province,[5],['Angola']
42,Rural / coffee-producing households in the Wawa prefecture,[182],['Togo']
43,Rural / coffee-producing households in the Western province,[153],['Rwanda']
44,Rural Areas and Small Towns / Cajamarca,[145],['Peru']
45,Rural Areas and Small Towns / Cusco,[145],['Peru']
46,Rural Areas and Small Towns / Junín,[145],['Peru']
47,Rural Areas and Small Towns / Rural Areas and Small Towns of Nayarit,[119],['Mexico']
48,Rural Areas and Small Towns / Rural coffee and cocoa growing regions,[145],['Peru']
49,Rural Areas and Small Towns / San Martín,[145],['Peru']
50,Rural Guji zone / Oromia Region,[62],['Ethiopia']
51,"Rural coffee-growing regions / Comayagua, Copán, and El Paraíso",[80],['Honduras']
52,Rural-Urban / Northwest,[133],['Nicaragua']
53,Urban / All,"[33, 34, 67, 170, 80, 179, 180, 182, 57, 186, 93]","['Sri Lanka', 'Honduras', 'Thailand', 'Jordan', 'Gabon', 'Cambodia', 'Togo', 'Cameroon', 'Tanzania', 'Turkiye', 'El Salvador']"
54,Urban / Chengdu,[40],['China']
55,Urban / Dhaka City,[15],['Bangladesh']
56,Urban / Hangzhou,[40],['China']
57,Urban / Managua Free Trade Zone,[133],['Nicaragua']
58,Urban / Minas Gerais South/Southwestern Region,[26],['Brazil']
59,Urban / Minimum Wage Region 1,[199],['Vietnam']
60,Urban / Minimum Wage Region 2,[199],['Vietnam']
61,Urban / Minimum Wage Region 3,[199],['Vietnam']
62,Urban / Santo Domingo,[54],['Dominican Republic']
63,Urban / Satellite Cities,[15],['Bangladesh']
64,Urban / Shanghai,[40],['China']
65,Urban / Shenzhen,[40],['China']
66,Urban / Sialkot,[140],['Pakistan']
67,Urban / Suzhou,[40],['China']
68,"Urban / Tiruppur, Tamil Nadu",[84],['India']
69,Urban / Urban Guatemala,[75],['Guatemala']
70,Urban / Zhengzhou,[40],['China']
71,Urban-Rural / Caribbean coast,[41],['Colombia']
72,Yucatán / Rural Areas and Small Towns in Yucatan,[119],['Mexico']
73,All / All,[118],['Mauritius']
74,Cear / North/Northwest/Sertes Region,[26],['Brazil']
75,Ceará / North/Northwest/Sertões Region,[26],['Brazil']
76,Cocoa growing regions / Belm and the metropolitan area,[26],['Brazil']
77,Cocoa growing regions / East Rondnia,[26],['Brazil']
78,Cocoa growing regions / Southwest Par,[26],['Brazil']
79,Coffee growing regions / Tringulo Mineiro/Alto Paranaba,[26],['Brazil']
80,Coffee or Cocoa growing regions / Northwest Esprito Santo,[26],['Brazil']
81,Municipality of San Quintn / Baja California,[119],['Mexico']
82,Non-capital State / Piau,[26],['Brazil']
83,Non-capital State / Piauí,[26],['Brazil']
84,"Non-metropolitan / State of So Paulo, non-metropolitan areas",[26],['Brazil']
85,"Non-metropolitan Urban & Rural / Michoacn, northwestern regions",[119],['Mexico']
86,Rural / Central Sulawesi,[85],['Indonesia']
87,Rural / Central-Eastern Rio Grande do Sul,[26],['Brazil']
88,Rural / Economic Zone 4,[199],['Vietnam']
89,"Rural / Lagunes, Vallðe du Bandama and Lacs Districts",[46],"[""Cote d'Ivoire""]"
90,Rural / Limn and Heredia Provinces,[45],['Costa Rica']
91,Rural / Oromia Region,[62],['Ethiopia']
92,Rural / Rural Aceh,[85],['Indonesia']
93,Rural / Rural Lampung Province,[85],['Indonesia']
94,"Rural / Rural Rembang, Central Java",[85],['Indonesia']
95,Rural Areas and Small Towns / All coffee and cocoa growing regions,[145],['Peru']
96,Rural Areas and Small Towns / Junn,[145],['Peru']
97,Rural Areas and Small Towns / San Martn,[145],['Peru']
98,"Rural coffee-growing regions / Comayagua, Copn, and El Paraso",[80],['Honduras']
99,State of Rio Grande do Sul / RS01,[26],['Brazil']
100,State of Rio Grande do Sul / RS02,[26],['Brazil']
101,State of Rio Grande do Sul / RS03,[26],['Brazil']
102,State of Rio Grande do Sul / RS04,[26],['Brazil']
103,State of Santa Catarina / SC01,[26],['Brazil']
104,State of Santa Catarina / SC02,[26],['Brazil']
105,State of Santa Catarina / SC03,[26],['Brazil']
106,State of So Paulo / SP01,[26],['Brazil']
107,State of So Paulo / SP02,[26],['Brazil']
108,State of So Paulo / SP03,[26],['Brazil']
109,State of So Paulo / SP04,[26],['Brazil']
110,State of So Paulo / SP05,[26],['Brazil']
111,State of São Paulo / SP01,[26],['Brazil']
112,State of São Paulo / SP02,[26],['Brazil']
113,State of São Paulo / SP03,[26],['Brazil']
114,State of São Paulo / SP04,[26],['Brazil']
115,State of São Paulo / SP05,[26],['Brazil']
116,Urban / Ho Chi Minh City,[199],['Vietnam']
117,Urban / Urban Banten Province,[85],['Indonesia']
118,Urban / Urban West Java Province (SUBANG AND GARUT),[85],['Indonesia']
119,Yucatn / Rural Areas and Small Towns in Yucatan,[119],['Mexico']
