"Country Name","2014","2015","2016","2017","2018","2019","2020","2021","2022","2023","2024","2025","links"
"Afghanistan",101.97,101.295751219497,105.736447508106,110.997841859789,111.69285390219,114.264439471841,120.66,"126.85",144.25,137.55,"128.47",NA,"https://tradingeconomics.com/afghanistan/consumer-price-index-cpi"
"Albania",90.72,92.4357594616682,93.6147144248872,95.474521757159,97.4108019905306,98.7853568454384,100.38655547427,"102.435918526012",109.324941700167,114.528551157983,"108.23",NA,"https://tradingeconomics.com/albania/consumer-price-index-cpi"
"Algeria",164.77,172.653333333333,183.699166666667,193.97,202.2525,206.2,211.18,"226.44",247.420833333333,270.485833333333,"281.43",NA,"https://data.imf.org/?sk=4FFB52B2-3653-409A-B471-D47B46D904B5&sId=1485878855236"
"Angola",28.45,31.1064399057095,40.6543796871877,52.7874678620376,63.1490871846909,73.9355538087077,90.4021396927385,"113.684573330823",137.96224380104,156.785952758771,"201.06308173832301","228.58","https://tradingeconomics.com/angola/consumer-price-index-cpi"
"Anguilla",107.17,106.1275,105.573687,106.94,107.3425,108.2175,107.705,"109.64",115.73,119.6725,NA,NA,"https://data.imf.org/?sk=4FFB52B2-3653-409A-B471-D47B46D904B5&sId=1485878855236"
"Antigua and Barbuda",95.63,96.5612715262179,96.0886641668478,98.4260092867666,99.6141666666667,101.04,101.6725,"103.77",111.585,117.239166666667,NA,NA,"https://data.imf.org/?sk=4FFB52B2-3653-409A-B471-D47B46D904B5&sId=1485878855236"
"Argentina",NA,NA,NA,112.887108333333,151.581675,232.751091666667,330.541683333333,"490.55485833333398",845.867458333333,1975.006925,"6316.67","8051.67","https://tradingeconomics.com/argentina/consumer-price-index-cpi"
"Armenia",119.76,124.231343774992,122.487623243108,123.675205998157,126.792110366697,128.622286782626,130.180463183687,"139.53371635076999",151.590700720848,154.59283142083,"155.65",NA,"https://data.imf.org/?sk=4FFB52B2-3653-409A-B471-D47B46D904B5&sId=1485878855236"
"Aruba",93.29,93.7299764460227,92.8571666666667,91.9023333333333,95.23475,99.2893333333333,97.68,"98.42",103.87,107.37,"109.18",NA,"https://data.imf.org/?sk=4FFB52B2-3653-409A-B471-D47B46D904B5&sId=1485878855236"
"Australia",106.08,107.675,109.05,111.175,113.3,115.125,116.1,"119.425",127.3,134.425,"138.67500000000001",NA,"https://data.imf.org/?sk=4FFB52B2-3653-409A-B471-D47B46D904B5&sId=1485878855236"
"Austria",91.66,92.4798258333334,93.3043683333333,95.2462833333333,97.1496658333333,98.6369258333333,100,"102.76666666666701",111.55,120.266666666667,"123.8",NA,"https://data.imf.org/?sk=4FFB52B2-3653-409A-B471-D47B46D904B5&sId=1485878855236"
"Azerbaijan",113.18,117.733333333333,132.383333333333,149.508333333333,152.9,156.891564325,161.221472575,"171.94318275833299",195.761197791667,212.959661766667,"218.51",NA,"https://tradingeconomics.com/azerbaijan/consumer-price-index-cpi"
"Bahamas, The",100.14,102.008333333333,101.655,103.198333333333,105.536666666667,108.165833333333,108.2075,"111.350833333333",117.5925,121.1825,"121.73",NA,"https://tradingeconomics.com/bahamas/consumer-price-index-cpi"
"Bahrain",91.28,92.9654825684163,95.5562385715838,96.8813344241555,98.9038963783191,99.8986915953775,97.5833333333333,"96.991666666666703",100.508333333333,100.583333333333,"101.508333333333",NA,"https://data.imf.org/?sk=4FFB52B2-3653-409A-B471-D47B46D904B5&sId=1485878855236"
"Bangladesh",65.47,69.5280193887162,73.3614646251379,77.5445868063925,81.8433651111511,86.4200431412378,91.3382723931946,"96.403577230778296",103.823716582984,114.085136765412,"126.02500000000001","131.29","https://tradingeconomics.com/bangladesh/consumer-price-index-cpi"
"Barbados",78.4,77.5314376984455,78.5253350083752,82.1847606085985,85.2040759352317,88.6976898380793,101.26,"102.8",102.957495812395,113.039166666667,"112.21",NA,"https://tradingeconomics.com/barbados/consumer-price-index-cpi"
"Belarus",46.81,53.1420013037239,59.4321972083623,63.0170506191264,66.0874317662875,69.7871092601775,73.6589982784707,"80.627348630734005",92.8905065395698,97.5355883093978,"103.178333333333",NA,"https://data.imf.org/?sk=4FFB52B2-3653-409A-B471-D47B46D904B5&sId=1485878855236"
"Belgium",100.34,100.9025,102.894166666667,105.081666666667,107.239166666667,108.78,109.585833333333,"112.26",123.034166666667,128.015833333333,"132.04",NA,"https://data.imf.org/?sk=4FFB52B2-3653-409A-B471-D47B46D904B5&sId=1485878855236"
"Belize",98.97,98.1159772226655,98.7669052716284,99.9004070111968,100.17012075008,100.357508379103,100.479377162747,"103.73052465801101",110.241578900864,115.081008020872,"118.85","119.80","https://tradingeconomics.com/belize/consumer-price-index-cpi"
"Benin",100,100.218785923536,99.4237401268215,99.4667556643303,100.381024956428,101.116666666667,104.173141583333,"105.97902427330899",107.41056629166,110.3439753368,"101.17",NA,"https://tradingeconomics.com/benin/consumer-price-index-cpi"
"Bhutan",83.84,87.6497218614418,90.4719437682483,94.9549042797058,97.5414415573271,100.200841047075,105.841512349464,"113.61749182557899",120.024571605847,125.100823862785,"101.21",NA,"https://tradingeconomics.com/bhutan/consumer-price-index-cpi"
"Bolivia",89.58,93.2183333333333,96.5958333333333,99.3225,101.579166666667,103.4477611986,104.420937894925,"105.19092089275",107.027900165083,109.785889286325,"115.384712393117",NA,"https://data.imf.org/?sk=4FFB52B2-3653-409A-B471-D47B46D904B5&sId=1485878855236"
"Bosnia and Herzegovina",100.13,100,98.4159,99.2132,100.619158333333,101.185425,100.121666666667,"102.10571666666701",116.4218,123.5304,"125.620691666667",NA,"https://data.imf.org/?sk=4FFB52B2-3653-409A-B471-D47B46D904B5&sId=1485878855236"
"Botswana",87.3,89.9689633767846,92.5015518311608,95.5617628801986,98.6560676598386,101.391666666667,103.308333333333,"110.788866666667",123.713016666667,129.982316666667,"133.64567500000001",NA,"https://data.imf.org/?sk=4FFB52B2-3653-409A-B471-D47B46D904B5&sId=1485878855236"
"Brazil",3953.15,4310.11916666667,4686.78666666667,4848.31083333333,5025.99416666667,5213.61333333333,5381.0625,"5827.78",6368.60416666667,6661.15,"6952.0733333333301","7205.03","https://tradingeconomics.com/brazil/consumer-price-index-cpi"
"British Virgin Islands",NA,104.94079174532,106.049259007818,NA,NA,NA,NA,NA,NA,NA,NA,NA,"https://data.imf.org/?sk=4FFB52B2-3653-409A-B471-D47B46D904B5&sId=1485878855236"
"Brunei Darussalam",100.39,99.8953691666667,99.6169675,98.36129,99.3695441666667,98.9814841666666,100.902041666667,"102.651091666667",106.430961803718,106.810988784745,"106.395842065918",NA,"https://data.imf.org/?sk=4FFB52B2-3653-409A-B471-D47B46D904B5&sId=1485878855236"
"Bulgaria",6557.27,6550.40661398183,6498.09179899701,6632.05621223579,6818.71840139494,7030.35297239303,7147.93147573754,"7383.6519823346398",8515.21576685439,9319.29408666166,"9547.2924272363507",NA,"https://data.imf.org/?sk=4FFB52B2-3653-409A-B471-D47B46D904B5&sId=1485878855236"
"Burkina Faso",100.92,101.653333333333,102.101666666667,103.615833333333,105.6425,102.226666666667,104.153066800435,"107.958333333333",123.385833333333,124.302479556667,"129.51216361666701",NA,"https://tradingeconomics.com/burkina-faso/consumer-price-index-cpi"
"Burundi",88.84,93.7667354390402,98.9779995559317,114.86647787689,111.633333333333,110.866666666667,118.983333333333,"128.98333333333301",153.233333333333,194.516666666667,"233.833333333333",NA,"https://data.imf.org/?sk=4FFB52B2-3653-409A-B471-D47B46D904B5&sId=1485878855236"
"Cabo Verde",99.26,99.3891774874361,97.9899603758482,98.7586085695846,100,101.106666742961,101.719166692098,"103.613333180745",111.830833333333,115.995833129883,"117.21",NA,"https://tradingeconomics.com/cape-verde/consumer-price-index-cpi"
"Cambodia",158.29,160.225,165.062416666667,169.870083333333,174.047333333333,177.428333333333,182.64525,"187.979833333333",198.024916666667,202.237833333333,"203.84",NA,"https://tradingeconomics.com/cambodia/consumer-price-index-cpi"
"Cameroon",83.22,85.4508907292276,86.1978941984172,86.7499133998694,87.6771468873765,89.827693823071,92.0173416121418,"94.107844603912994",99.9873988920036,107.369282418468,"112, 23","114.50","https://tradingeconomics.com/cameroon/consumer-price-index-cpi"
"Canada",125.16,126.566666666667,128.375,130.425,133.383333333333,135.983333333333,136.958333333333,"141.60833333333301",151.241666666667,157.108333333333,"160.85",NA,"https://data.imf.org/?sk=4FFB52B2-3653-409A-B471-D47B46D904B5&sId=1485878855236"
"Cayman Islands",104.91,102.44965,101.809075,101.1,104.2,110.38,111.45,"115, 18",126.125,130.98,NA,NA,"https://tradingeconomics.com/cayman-islands/consumer-price-index-cpi"
"Central African Republic",85.74,86.9439392429021,91.2436932979812,95.0583396605446,96.5908292138097,99.1846537958199,100.880866694167,"105.17775019",111.05,114.358333333333,NA,NA,"https://data.imf.org/?sk=4FFB52B2-3653-409A-B471-D47B46D904B5&sId=1485878855236"
"Chad",85.92,89.678449005232,88.9678006329114,87.6002768987342,91.3448575949367,90.4570411392405,94.4951740506329,"93.764873417721503",99.1920094936709,109.940809599156,"119.72499999999999",NA,"https://tradingeconomics.com/chad/consumer-price-index-cpi"
"Chile",87.96,91.7808333333333,95.2558333333334,97.335,99.705,102.255,105.369166666667,"110.136666666667",122.960833333333,132.283333333333,NA,"107.16","https://tradingeconomics.com/chile/consumer-price-index-cpi"
"Hong Kong SAR, China",88.33,90.9666666666667,93.1583333333333,94.55,96.825,99.6166666666667,99.8666666666667,"101.433333333333",103.341666666667,105.508333333333,"107.33",NA,"https://tradingeconomics.com/hong-kong/consumer-price-index-cpi"
"Macao SAR, China",88.75,92.7975,94.9958333333334,96.1625,99.0516666666666,101.7775,102.603333333333,"102.630476393333",103.7029936325,104.197018615833,NA,NA,"https://data.imf.org/?sk=4FFB52B2-3653-409A-B471-D47B46D904B5&sId=1485878855236"
"China",88.38,89.6490433333334,91.4420258333333,92.8988216666667,94.8262775,97.5755133333333,99.9362766666667,"100.916666666667",102.908333333333,103.15,"103.375","103.50","https://tradingeconomics.com/china/consumer-price-index-cpi"
"Colombia",81.49,85.5587366666666,91.9871583333333,95.9557725,99.0652858333333,102.555375,105.146575,"108.821508333333",119.896525,133.967466666667,"142.82149166666699","147.90","https://tradingeconomics.com/colombia/consumer-price-index-cpi"
"Democratic Republic of Congo",124.76,125.685205358893,129.312293206219,NA,NA,NA,NA,NA,NA,1415,"1677.5","1769.22","https://tradingeconomics.com/croatia/consumer-price-index-cpi"
"Congo",90.65,93.5259757738389,96.5099798273728,96.944336332436,98.0618902482284,100.225207188979,102.024621965431,"103.77500000000001",106.933333333333,111.533333333333,NA,NA,"https://data.imf.org/?sk=4FFB52B2-3653-409A-B471-D47B46D904B5&sId=1485878855236"
"Costa Rica",92.23,92.9695,92.95325,94.4645833333334,96.56275,98.58675,99.3014166666667,"101.01583333333301",109.374666157376,109.94909480419,"109.49","110.77","https://tradingeconomics.com/costa-rica/consumer-price-index-cpi"
"Côte d'Ivoire",101.89,103.160764671871,103.906801098584,104.619478172883,104.995490026019,103.833333333333,106.351298486667,"110.7031424625",116.544025401667,121.656948234167,"125.874032018731",NA,"https://data.imf.org/?sk=4FFB52B2-3653-409A-B471-D47B46D904B5&sId=1485878855236"
"Croatia",100.47,100,98.875,99.9916666666667,101.491666666667,102.275,102.433333333333,"105.05",116.375,125.616666666667,"128.35",NA,"https://tradingeconomics.com/croatia/consumer-price-index-cpi"
"Curacao",124.16,123.566666666667,123.508333333333,125.466666666667,128.708333333333,132.083333333333,NA,NA,NA,NA,NA,NA,"https://data.imf.org/?sk=4FFB52B2-3653-409A-B471-D47B46D904B5&sId=1485878855236"
"Cyprus",102.14,100,98.5708333333334,99.095,100.5175,100.769166666667,100.125833333333,"102.575",111.186666666667,115.124166666667,NA,NA,"https://data.imf.org/?sk=4FFB52B2-3653-409A-B471-D47B46D904B5&sId=1485878855236"
"Czech Republic",99.67,99.975,100.658333333333,103.125,105.341666666667,108.341666666667,111.766666666667,"116.058333333333",133.583333333333,147.825,NA,NA,"https://data.imf.org/?sk=4FFB52B2-3653-409A-B471-D47B46D904B5&sId=1485878855236"
"Denmark",99.55,100,100.25,101.4,102.225,103,103.433333333333,"105.35",113.458333333333,117.208333333333,"118.816666666667",NA,"https://data.imf.org/?sk=4FFB52B2-3653-409A-B471-D47B46D904B5&sId=1485878855236"
"Djibouti",87.09,86.3476756890326,88.7122308772793,89.2162158102293,89.3482298029919,92.3139242507705,93.954719176026,"95.0651866821227",99.989381283098,101.484290691193,NA,NA,"https://data.imf.org/?sk=4FFB52B2-3653-409A-B471-D47B46D904B5&sId=1485878855236"
"Dominica",103.12,102.245,102.39,102.693333333333,103.709166666667,105.2695992,104.504166666667,"106.054166666667",114.305833333333,119.138333333333,NA,NA,"https://data.imf.org/?sk=4FFB52B2-3653-409A-B471-D47B46D904B5&sId=1485878855236"
"Dominican Republic",87,87.7328276750864,89.1489812138206,92.0726728202069,95.3545427144325,97.0810356600959,100.751700489353,"109.056666666667",118.66575,124.344633333333,"128.45078333333299","131.62","https://tradingeconomics.com/dominican-republic/consumer-price-index-cpi"
"Ecuador",99.28,103.220380881551,105.004302218628,105.442522541418,105.206222425733,105.486084144434,105.128620927274,"105.268706271843",108.917498295517,111.33076984563,"113.05","112.24","https://tradingeconomics.com/ecuador/consumer-price-index-cpi"
"Egypt",50.63,55.8754979172833,63.5939191701518,82.3583278620878,94.2191342667378,102.842822804666,108.031174197112,"113.663972992691",129.458333333333,173.325,"222.32499999999999","242.50","https://tradingeconomics.com/egypt/consumer-price-index-cpi"
"El Salvador",110.18,109.373333333333,110.034001954751,111.147935611383,112.359814904202,112.444448962869,112.026616396221,"115.91049612245",124.254447822934,129.281219837413,"130.38999999999999","130.08","https://tradingeconomics.com/el-salvador/consumer-price-index-cpi"
"Equatorial Guinea",129.88,132.060997373113,133.92561830323,134.9225,136.352778486507,138.439351362426,145.038333333333,"144.89750000000001",151.833333333333,NA,NA,NA,"https://data.imf.org/?sk=4FFB52B2-3653-409A-B471-D47B46D904B5&sId=1485878855236"
"Estonia",196.01,195.043333333333,195.333333333333,202.008333333333,208.95,213.708333333333,212.758333333333,"222.65833333333299",265.850183333333,290.2,"300.41666666666703",NA,"https://data.imf.org/?sk=4FFB52B2-3653-409A-B471-D47B46D904B5&sId=1485878855236"
"Eswatini",74.57,78.2575721113753,84.3986586830927,89.6494159789296,93.9660906492473,96.4073449097445,NA,NA,NA,NA,NA,NA,"https://data.imf.org/?sk=4FFB52B2-3653-409A-B471-D47B46D904B5&sId=1485878855236"
"Ethiopia",84.38,92.4577556591838,98.5859790173183,109.121975996797,124.216857847875,143.855086169159,173.138726479615,"219.60833333333301",294.033333333333,382.88676004771,"462.77499999999998","500.60","https://tradingeconomics.com/ethiopia/consumer-price-index-cpi"
"Fiji",100.01,101.383333333333,105.3,108.825,113.266666666667,115.275,112.283333333333,"112.458333333333",117.541666666667,120.066666666667,NA,NA,"https://data.imf.org/?sk=4FFB52B2-3653-409A-B471-D47B46D904B5&sId=1485878855236"
"Finland",100.2,99.995,100.351666666667,101.108333333333,102.204166666667,103.250833333333,103.550833333333,"105.823333333333",113.361666666667,120.4475,NA,NA,"https://data.imf.org/?sk=4FFB52B2-3653-409A-B471-D47B46D904B5&sId=1485878855236"
"France",99.96,99.9991666666667,100.1825,101.216666666667,103.09,104.2325,104.729166666667,"106.449166666667",112.008333333333,117.4725,"119.820833333333",NA,"https://data.imf.org/?sk=4FFB52B2-3653-409A-B471-D47B46D904B5&sId=1485878855236"
"Gabon",89.86,89.5574643238694,91.4441778082936,93.8692095809387,98.3271207865169,100.75045910959,102.1133721353,"103.22324999999999",107.59088168335,111.495371286074,"112.80334576765701",NA,"https://tradingeconomics.com/gabon/consumer-price-index-cpi"
"Gambia, The",68.49,73.1563508077971,78.4446717696325,84.7470655448074,90.2733947728635,96.6969572904829,102.432321064531,"109.981939170228",122.644291627108,143.462194875142,NA,NA,"https://data.imf.org/?sk=4FFB52B2-3653-409A-B471-D47B46D904B5&sId=1485878855236"
"Georgia",110.25,114.664725,117.112733333333,124.180858333333,127.428491666667,133.612466666667,140.563608333333,"154.011208333333",172.335716666667,176.623016666667,"178.58303333333299",NA,"https://data.imf.org/?sk=4FFB52B2-3653-409A-B471-D47B46D904B5&sId=1485878855236"
"Germany",94.37,94.8511108333334,95.3175383333333,96.7563516666666,98.432335,99.8553316666667,100,"103.066666666667",110.15,116.7,"119.333333333333",NA,"https://data.imf.org/?sk=4FFB52B2-3653-409A-B471-D47B46D904B5&sId=1485878855236"
"Ghana",46.95,54.9972820088242,64.5968566822908,72.588729115245,78.2570125089161,83.8474117833743,92.1376481772255,"101.32477478007699",132.994740100616,183.675,"225.64166666666699","255.89","https://tradingeconomics.com/ghana/consumer-price-index-cpi"
"Greece",101.86,100.093585,99.2671583333334,100.380195833333,101.008195833333,101.263754166667,99.9999991666667,"101.223824166667",110.987125,114.832608333333,"117.98073333333301",NA,"https://data.imf.org/?sk=4FFB52B2-3653-409A-B471-D47B46D904B5&sId=1485878855236"
"Grenada",108.16,107.600833333333,109.376666666667,110.370308025,111.257798225,111.923286483333,111.094234216667,"112.449041666667",115.350833333333,118.460833333333,NA,NA,"https://data.imf.org/?sk=4FFB52B2-3653-409A-B471-D47B46D904B5&sId=1485878855236"
"Guadeloupe",99.7,100.000833333333,99.9066666666667,NA,NA,NA,NA,NA,NA,NA,NA,NA,"https://data.imf.org/?sk=4FFB52B2-3653-409A-B471-D47B46D904B5&sId=1485878855236"
"Guatemala",NA,68.5542617873121,71.6038583610569,74.7719972467592,77.5773392986884,80.4476884249168,83.033631601086,"86.571737218462005",92.5323123398722,98.275400558296,"101.095113262631","100.77","https://tradingeconomics.com/guatemala/consumer-price-index-cpi"
"Guinea",63.16,70.5976986744512,76.3674234671149,83.1750901199237,91.349219426788,99.9999999999999,110.601620338717,"124.534425269358",137.601873570047,148.341666666667,"160.39166666666699",NA,"https://data.imf.org/?sk=4FFB52B2-3653-409A-B471-D47B46D904B5&sId=1485878855236"
"Guinea-Bissau",99.31,100.778610108303,102.293434115523,104.023333333333,104.42,104.6775,105.870833333333,"108.24497490882899",118.413333333333,NA,NA,NA,"https://data.imf.org/?sk=4FFB52B2-3653-409A-B471-D47B46D904B5&sId=1485878855236"
"Guyana",112.77,111.641666666667,112.575,114.719166666667,116.190833333333,118.616004299898,119.79426098562,"125.823333333333",133.5175,137.284166666667,NA,NA,"https://data.imf.org/?sk=4FFB52B2-3653-409A-B471-D47B46D904B5&sId=1485878855236"
"Haiti",69.88,74.5848942628893,83.1643255800611,92.0463493389427,103.535032618166,122.9,150.916666666667,"176.333333333333",236.258333333333,323.233333333333,NA,NA,"https://data.imf.org/?sk=4FFB52B2-3653-409A-B471-D47B46D904B5&sId=1485878855236"
"Honduras",276.03,284.75,292.508333333333,304.016666666667,317.233333333333,331.083333333333,342.566666666667,"357.91666666666703",390.45,416.466666666667,"435.65","449.90","https://tradingeconomics.com/honduras/consumer-price-index-cpi"
"Hungary",135.18,135.1,135.633333333333,138.818333333333,142.775,147.541666666667,152.45,"160.24166666666699",183.65,215.1,NA,NA,"https://data.imf.org/?sk=4FFB52B2-3653-409A-B471-D47B46D904B5&sId=1485878855236"
"Iceland",149.16,151.598,154.170508333333,156.88455,161.093633333333,165.94895,170.67505,"178.26025833333301",193.071466666667,209.938775,"222.23455000000001",NA,"https://data.imf.org/?sk=4FFB52B2-3653-409A-B471-D47B46D904B5&sId=1485878855236"
"India",117.35,123.108333333333,129.2,133.5,138.758333333333,143.933333333333,153.466666666667,"161.34166666666701",172.15,181.875,"190.88","192.50","https://tradingeconomics.com/india/consumer-price-index-cpi"
"Indonesia",113.22,120.421666666667,124.6675,129.415833333333,133.555,137.6025,140.2458,"142.43381666666701",148.429516666667,153.877075,"106.1","105.48","https://tradingeconomics.com/indonesia/consumer-price-index-cpi"
"Iran, Islamic Rep.",22.76,25.599042708382,27.4538022738507,29.662439905284,35.005866931519,48.9757792175771,63.9594972067038,"91.710893854748406",131.594553072626,190.258333333333,NA,NA,"https://data.imf.org/?sk=4FFB52B2-3653-409A-B471-D47B46D904B5&sId=1485878855236"
"Iraq",NA,103.557016378929,104.133333333333,104.325,104.708333333333,104.5,105.1,"111.45",117.016666666667,122.116666666667,NA,NA,"https://data.imf.org/?sk=4FFB52B2-3653-409A-B471-D47B46D904B5&sId=1485878855236"
"Ireland",83.09,82.8166666666667,82.8333333333333,83.1333333333334,83.525,84.3083333333334,84.0333333333333,"86",92.7333333333333,98.575,"100.658333333333",NA,"https://data.imf.org/?sk=4FFB52B2-3653-409A-B471-D47B46D904B5&sId=1485878855236"
"Israel",94.24,93.675,93.1583333333333,93.4,94.1416666666667,94.9416666666667,94.3583333333333,"95.783333333333303",99.9916666666667,104.216666666667,"107.416666666667",NA,"https://data.imf.org/?sk=4FFB52B2-3653-409A-B471-D47B46D904B5&sId=1485878855236"
"Italy",99.93,99.9689875,99.875,101.1,102.25,102.875,102.733333333333,"104.658333333333",113.241666666667,119.608333333333,"120.783333333333",NA,"https://data.imf.org/?sk=4FFB52B2-3653-409A-B471-D47B46D904B5&sId=1485878855236"
"Jamaica",83.75,86.8416666666667,88.8833333333333,92.775,96.2416666666667,100,105.226777792935,"111.39599483094101",122.925,130.883333333333,NA,NA,"https://data.imf.org/?sk=4FFB52B2-3653-409A-B471-D47B46D904B5&sId=1485878855236"
"Japan",97.45,98.225,98.1,98.575,99.55,100.016666666667,99.9916666666667,"99.758333333333297",102.25,105.591666666667,NA,NA,"https://data.imf.org/?sk=4FFB52B2-3653-409A-B471-D47B46D904B5&sId=1485878855236"
"Jordan",94.2,93.3756225578748,92.6487582668179,95.7283052247098,99.9999999999999,100.761514047266,101.097346481193,"102.458211566269",106.791328849542,109.017789081313,"110.71","112.36","https://tradingeconomics.com/jordan/consumer-price-index-cpi"
"Kazakhstan",43.06,45.9352700343846,52.5320774527893,56.4418630564284,59.9207489902672,63.1166586828286,67.3569333590626,"72.773421850825798",83.7097130378901,96.0359599285178,"100.7",NA,"https://data.imf.org/?sk=4FFB52B2-3653-409A-B471-D47B46D904B5&sId=1485878855236"
"Kenya",76.49,81.5214650739966,86.6550751568589,93.5923769013443,97.9816782465969,103.115563451546,108.68912678512,"115.32778912788601",124.161739410101,133.686678543253,"139.68892771924899","143.12","https://tradingeconomics.com/kenya/consumer-price-index-cpi"
"Kiribati",123.6,83.7784595369079,85.3847530754163,85.6883137082336,86.1716219251946,84.6092615228685,86.7695437226363,"88.551457621815004",93.285378174861,101.945128624301,NA,NA,"https://data.imf.org/?sk=4FFB52B2-3653-409A-B471-D47B46D904B5&sId=1485878855236"
"Korea, Rep.",94.2,94.8609166666667,95.7826666666667,97.645,99.0860833333333,99.4655833333334,100,"102.49833333333299",107.715,111.59,"114.180833333333",NA,"https://data.imf.org/?sk=4FFB52B2-3653-409A-B471-D47B46D904B5&sId=1485878855236"
"Kosovo, Rep. of",100.54,99.9999999999999,100.273169431045,101.765469138155,102.837871348522,105.589804585927,105.799113062452,"109.347288810124",122.010263022166,128.042846212528,NA,NA,"https://data.imf.org/?sk=4FFB52B2-3653-409A-B471-D47B46D904B5&sId=1485878855236"
"Kuwait",103.18,106.552028432732,109.959986130375,112.348133379565,112.958333333333,114.191666666667,116.591666666667,"120.583333333333",125.383333333333,129.95,NA,NA,"https://data.imf.org/?sk=4FFB52B2-3653-409A-B471-D47B46D904B5&sId=1485878855236"
"Kyrgyz Republic",229.65,244.579760408644,245.530780183569,253.327143265402,257.235123452983,260.151198888904,276.606862562933,"309.537019691794",352.63357824732,390.553243858223,NA,NA,"https://data.imf.org/?sk=4FFB52B2-3653-409A-B471-D47B46D904B5&sId=1485878855236"
"Lao PDR",98.46,99.7126397224169,101.3049631067,102.141213905551,104.225295746007,107.688242494743,113.184728605213,"117.435517324579",144.394275991143,189.488802121691,"233.318641369776","244.20","https://tradingeconomics.com/laos/consumer-price-index-cpi"
"Latvia",99.83,99.9999991666667,100.1406325,103.075116666667,105.687508333333,108.658816666667,108.89685,"112.464125",131.931983333333,143.724125,"145.543383333333",NA,"https://data.imf.org/?sk=4FFB52B2-3653-409A-B471-D47B46D904B5&sId=1485878855236"
"Lebanon",100.81,97.0344533032056,96.2743245743083,100.434677200999,106.538081565929,109.739965876318,202.870056003484,"516.82383467494799",1401.65462017506,4504.1,NA,NA,"https://data.imf.org/?sk=4FFB52B2-3653-409A-B471-D47B46D904B5&sId=1485878855236"
"Lesotho",65.52,67.6268052843615,72.0878108133684,75.294059923474,78.8718853339728,82.9630359568164,87.0930161638736,"92.360180495099598",100.000033506814,106.342253063139,"112.83492215691901",NA,"https://data.imf.org/?sk=4FFB52B2-3653-409A-B471-D47B46D904B5&sId=1485878855236"
"Liberia",54.81,59.0571367462713,64.2743910717117,72.2570341641881,89.2833311724222,113.359720696039,132.580682234045,"142.94264989240099",153.796263665223,169.321156088006,NA,NA,"https://data.imf.org/?sk=4FFB52B2-3653-409A-B471-D47B46D904B5&sId=1485878855236"
"Libya",136.58,150.783333333333,189.766666666667,238.733333333333,270.175,264.333333333333,268.158333333333,"275.85000000000002",288.291666666667,295.133333333333,NA,NA,"https://data.imf.org/?sk=4FFB52B2-3653-409A-B471-D47B46D904B5&sId=1485878855236"
"Lithuania",100.89,99.9999916666667,100.905516666667,104.662116666667,107.485825,109.995091666667,111.314916666667,"116.5284",139.490375,152.208158333333,"153.297566666667",NA,"https://data.imf.org/?sk=4FFB52B2-3653-409A-B471-D47B46D904B5&sId=1485878855236"
"Luxembourg",99.53,100,100.290833333333,102.026666666667,103.585833333333,105.391666666667,106.255833333333,"108.940833333333",115.843333333333,120.1775,"122.6425",NA,"https://data.imf.org/?sk=4FFB52B2-3653-409A-B471-D47B46D904B5&sId=1485878855236"
"Madagascar",87.8,94.2999493795936,99.9916666666667,108.6,117.933333333333,124.55,129.783333333333,"137.32666666666699",148.533333333333,163.2,"175.05",NA,"https://tradingeconomics.com/madagascar/consumer-price-index-cpi"
"Malawi",38.26,46.625034164546,56.7478481179135,63.2984757666504,71.1602591971005,77.8285704235258,84.5416852034872,"92.429546264601996",111.797205410434,143.983333333333,"190.32","235.00","https://tradingeconomics.com/malawi/consumer-price-index-cpi"
"Malaysia",110.48,112.808333333333,115.166666666667,119.625,120.683333333333,121.483333333333,120.1,"123.075",127.233333333333,130.4,NA,NA,"https://data.imf.org/?sk=4FFB52B2-3653-409A-B471-D47B46D904B5&sId=1485878855236"
"Maldives",93.65,94.5454479091543,95.0205476850391,97.6977263238236,97.5674235580656,97.7821008977278,96.44270685295,"96.966535115031306",99.2289034062427,102.133795244323,NA,NA,"https://data.imf.org/?sk=4FFB52B2-3653-409A-B471-D47B46D904B5&sId=1485878855236"
"Mali",100.82,102.283591426072,100.442847769029,102.210498687664,102.516666666667,100.816666666667,101.258333333333,"105.23333333333299",115.358333333333,117.733333333333,"121.508333333333",NA,"https://data.imf.org/?sk=4FFB52B2-3653-409A-B471-D47B46D904B5&sId=1485878855236"
"Malta",96.81,97.8748098058043,98.5038539210533,99.8477956664824,101.003857033266,102.662400985934,103.317946569936,"104.865538011469",111.318707578784,116.989246464219,NA,NA,"https://data.imf.org/?sk=4FFB52B2-3653-409A-B471-D47B46D904B5&sId=1485878855236"
"Martinique",99.86,100,99.755,100.316666666667,NA,NA,NA,NA,NA,NA,NA,NA,"https://data.imf.org/?sk=4FFB52B2-3653-409A-B471-D47B46D904B5&sId=1485878855236"
"Mauritania",88.54,91.4177122796801,92.7631163103932,94.854253459994,97.7637748515363,100.012432223083,102.398423702556,"106.049096307772",116.150555125226,121.903550596655,NA,NA,"https://data.imf.org/?sk=4FFB52B2-3653-409A-B471-D47B46D904B5&sId=1485878855236"
"Mauritius",71.9,72.3514568238264,73.0588190268,75.737883748298,78.1736548604412,78.4907703488372,80.516460755814,"83.760089631782904",92.7841933139535,99.328246124031,"103.40331879845","105.70","https://tradingeconomics.com/mauritius/consumer-price-index-cpi"
"Mexico",85.33,87.6545683333333,90.1279241666667,95.5729641666667,100.255418333333,103.900666666667,107.43,"113.54191666666701",122.5075,129.279666666667,"135.38","138.73","https://tradingeconomics.com/mexico/consumer-price-index-cpi"
"Micronesia, Fed. Sts.",101.64,101.341693654761,100.290305947522,100.87425,102.38575,104.3555,104.93425,"108.283",114.13975,NA,NA,NA,"https://data.imf.org/?sk=4FFB52B2-3653-409A-B471-D47B46D904B5&sId=1485878855236"
"Moldova",44.69,48.5301512079596,51.616333471919,55.0076452854579,56.6826577738804,59.424842047125,61.6627644976083,"64.811518865657703",83.4365979708228,94.6312950297886,NA,NA,"https://data.imf.org/?sk=4FFB52B2-3653-409A-B471-D47B46D904B5&sId=1485878855236"
"Mongolia",75.66,79.9985491071428,80.58515625,84.051471185065,89.787351943554,96.3427889430434,100,"107.352812433802",123.614569322357,136.405689645552,"145.68516273044801",NA,"https://data.imf.org/?sk=4FFB52B2-3653-409A-B471-D47B46D904B5&sId=1485878855236"
"Montenegro",98.47,100,99.7286149766148,102.102391363147,104.768513289063,105.147318206903,104.87850309467,"107.406916128099",121.413104115871,131.83613876689,"136.235181249568",NA,"https://data.imf.org/?sk=4FFB52B2-3653-409A-B471-D47B46D904B5&sId=1485878855236"
"Montserrat",99.67,98.5306532986418,98.2883333333333,99.4608333333333,100.7675,99.6883333333333,97.8002911027672,"100.351666666667",103.3425,102.216666666667,NA,NA,"https://data.imf.org/?sk=4FFB52B2-3653-409A-B471-D47B46D904B5&sId=1485878855236"
"Morocco",95.81,97.3025302530253,98.8937293729373,99.6400440044004,101.437467409461,101.745214521452,102.463503850385,"103.9",110.816666666667,117.566666666667,"118.73","119.90","https://tradingeconomics.com/morocco/consumer-price-index-cpi"
"Mozambique",82.25,85.1664972294784,100.000833333333,115.114166666667,119.616666666667,122.969166666667,127.253333333333,"135.40833333333299",149.3275,159.970033326304,NA,"107.81","https://tradingeconomics.com/mozambique/consumer-price-index-cpi"
"Myanmar",109.36,119.704311671538,127.998414253743,133.85118853298,143.049882119771,155.674130014551,NA,NA,NA,NA,NA,NA,"https://data.imf.org/?sk=4FFB52B2-3653-409A-B471-D47B46D904B5&sId=1485878855236"
"Namibia",108.59,112.270565971908,119.824783453573,127.188974768727,132.647405430786,137.585064683011,140.624844844955,"145.711112312799",154.5722147064,163.660959891673,"170.59861218366299",NA,"https://data.imf.org/?sk=4FFB52B2-3653-409A-B471-D47B46D904B5&sId=1485878855236"
"Nepal",96.13,103.693333333333,112.808333333333,116.9,121.6475,128.421666666667,134.91,"140.50833333333301",151.258333333333,162.02,"102.03","103.20","https://tradingeconomics.com/nepal/consumer-price-index-cpi"
"Netherlands",99.4,100,100.316666666667,101.7025,103.435,106.159166666667,107.51,"110.386666666667",121.426666666667,126.0875,"130.308333333333",NA,"https://data.imf.org/?sk=4FFB52B2-3653-409A-B471-D47B46D904B5&sId=1485878855236"
"New Caledonia",105.02,105.6225,106.233333333333,NA,NA,NA,NA,NA,NA,NA,NA,NA,"https://data.imf.org/?sk=4FFB52B2-3653-409A-B471-D47B46D904B5&sId=1485878855236"
"New Zealand",97.53,97.818105,98.450245,100.27235,101.875,103.525,105.3,"109.45",117.3,124.025,"127.65",NA,"https://data.imf.org/?sk=4FFB52B2-3653-409A-B471-D47B46D904B5&sId=1485878855236"
"Nicaragua",183.02,190.33860475,197.044563416667,204.632102583333,214.75573825,226.301629333333,234.633633083333,"246.19734983333299",271.967871416667,294.779607833333,"308.41239358333303","314.60","https://tradingeconomics.com/nicaragua/consumer-price-index-cpi"
"Niger",97.3,96.7416666666667,98.3416666666667,101.091666666667,104.091666666667,101.5,104.441666666667,"108.45",113.033333333333,117.216666666667,"127.85",NA,"https://data.imf.org/?sk=4FFB52B2-3653-409A-B471-D47B46D904B5&sId=1485878855236"
"Nigeria",158.82,173.123643958299,200.298537983892,233.352335944672,261.576549537889,291.386917859901,329.984097264759,"385.92579218171898",458.661950942361,571.765924997574,NA,NA,"https://data.imf.org/?sk=4FFB52B2-3653-409A-B471-D47B46D904B5&sId=1485878855236"
"North Macedonia",110.03,109.699166666667,109.436666666667,110.915833333333,112.533333333333,113.395833333333,114.756666666667,"118.464166666667",135.291666666667,147.9575,"153.120833333333",NA,"https://data.imf.org/?sk=4FFB52B2-3653-409A-B471-D47B46D904B5&sId=1485878855236"
"Norway",97.88,100,103.55,105.491666666667,108.408333333333,110.758333333333,112.183333333333,"116.091666666667",122.783333333333,129.558333333333,"133.63333333333301",NA,"https://data.imf.org/?sk=4FFB52B2-3653-409A-B471-D47B46D904B5&sId=1485878855236"
"Oman",96.42,96.4825306893295,97.5527226943657,99.1029272898961,99.9842618822789,100.475,100.066666666667,"101.75",104.3,105.291666666667,NA,NA,"https://data.imf.org/?sk=4FFB52B2-3653-409A-B471-D47B46D904B5&sId=1485878855236"
"Pakistan",95.8,98.2279563381817,101.92635594625,106.090428465393,111.477761168854,123.270282072344,135.276799088593,"148.122968770564",177.560720159532,232.192829932596,"261.52466313431802","263.95","https://tradingeconomics.com/pakistan/consumer-price-index-cpi"
"Palau",99.42,100.36278759244,99.316700903862,100.725,102.85,103.125,103.35,"106.05",119.15,134.425,"137.42500000000001",NA,"https://data.imf.org/?sk=4FFB52B2-3653-409A-B471-D47B46D904B5&sId=1485878855236"
"Panama",102.63,102.766666666667,103.526866666667,104.433333333333,105.228675,104.855025,103.229483333333,"104.91285000000001",107.912991666667,109.517025,"110.28","110.41","https://tradingeconomics.com/panama/consumer-price-index-cpi"
"Papua New Guinea",111.33,118,125.875,132.7,138.504947187684,143.946353526019,150.958950584046,"157.72733120852001",166.01312523562,169.829268800927,"170.85","174.70","https://tradingeconomics.com/papua-new-guinea/consumer-price-index-cpi"
"Paraguay",88.09,90.8446163765313,94.5572748764238,97.9636793466581,101.858333333333,104.666666666667,106.516666666667,"111.616666666667",122.516666666667,128.191666666667,"133.10833333333301",NA,"https://data.imf.org/?sk=4FFB52B2-3653-409A-B471-D47B46D904B5&sId=1485878855236"
"Peru",79.39,82.0894745693215,85.0095421789577,87.5554933470993,88.876840778761,90.8784555860373,92.6982167384464,"96.657972920353998",104.7131645,111.473041666667,"113.711094166667","114.28","https://tradingeconomics.com/peru/consumer-price-index-cpi"
"Philippines",90.56,91.165819456617,92.3087642418931,94.9425065731814,99.9833333333333,102.375,104.825,"108.941666666667",115.283333333333,122.175,"126.1","128.10","https://tradingeconomics.com/philippines/consumer-price-index-cpi"
"Poland",123.93,122.85,122.033333333333,124.566666666667,126.825,129.65,134.025,"140.80000000000001",161.116666666667,179.691666666667,"186.49166666666699",NA,"https://data.imf.org/?sk=4FFB52B2-3653-409A-B471-D47B46D904B5&sId=1485878855236"
"Portugal",100,100.483416666667,101.09375,102.477333333333,103.495666666667,103.845666666667,103.83275,"105.146916666667",113.38275,118.271,"121.128583333333",NA,"https://data.imf.org/?sk=4FFB52B2-3653-409A-B471-D47B46D904B5&sId=1485878855236"
"Qatar",94.78,96.5043906644498,99.0874191760577,99.4786945008929,99.7331763039596,99.0683139355872,96.5516666666666,"98.776666666666699",103.710833333333,106.850833333333,NA,NA,"https://data.imf.org/?sk=4FFB52B2-3653-409A-B471-D47B46D904B5&sId=1485878855236"
"Romania",100.6,99.9997934777908,98.455,99.7733333333334,104.388333333333,108.384166666667,111.235833333333,"116.855833333333",132.976666666667,146.8025,"140.16833333333301",NA,"https://data.imf.org/?sk=4FFB52B2-3653-409A-B471-D47B46D904B5&sId=1485878855236"
"Russian Federation",131.16,151.529466666667,162.20085,168.175241666667,173.015825,180.750266666667,186.862625,"199.372066666667",NA,NA,NA,NA,"https://data.imf.org/?sk=4FFB52B2-3653-409A-B471-D47B46D904B5&sId=1485878855236"
"Rwanda",101.83,104.404303277498,111.894626122079,121.158982782482,120.781923717837,124.825553419079,137.121368513205,"136.58474849630301",160.745510883195,192.556318902272,"195.96512878534301","199.90","https://tradingeconomics.com/rwanda/consumer-price-index-cpi"
"Samoa",99.11,99.8243201955392,101.126746761322,102.896360441407,107.215392866781,108.268598157921,106.569958612306,"109.909013598165",121.957110227505,131.61812180608,"134.47746667578701",NA,"https://data.imf.org/?sk=4FFB52B2-3653-409A-B471-D47B46D904B5&sId=1485878855236"
"San Marino, Rep. of",107.58,99.7715626350559,100.414166666667,101.4325,102.6125,103.0975,102.96,"104.62333333333299",110.195,116.731666666667,NA,NA,"https://data.imf.org/?sk=4FFB52B2-3653-409A-B471-D47B46D904B5&sId=1485878855236"
"São Tomé and Príncipe, Dem. Rep. of",93.89,98.8109699380946,104.176919087997,110.104894355399,118.768603986368,127.937831496649,140.500466699159,"151.934072067286",179.290766694957,217.406036322801,NA,NA,"https://data.imf.org/?sk=4FFB52B2-3653-409A-B471-D47B46D904B5&sId=1485878855236"
"Saudi Arabia",95.28,96.4308333333334,98.4258333333333,97.6008333333333,100,97.9066666666667,101.28,"104.38249999999999",106.965,109.454166666667,"111.301666666667",NA,"https://data.imf.org/?sk=4FFB52B2-3653-409A-B471-D47B46D904B5&sId=1485878855236"
"Senegal",100.14,100.279976351563,101.119605493955,102.452516757502,102.924808150097,104.736399546978,107.4,"109.741666666667",120.383117440832,127.533246202176,NA,NA,"https://data.imf.org/?sk=4FFB52B2-3653-409A-B471-D47B46D904B5&sId=1485878855236"
"Serbia",180.15,182.658333333333,184.708333333333,190.491666666667,194.225,197.816666666667,200.933333333333,"209.14166666666699",234.2,263.175,"275.46666666666698",NA,"https://data.imf.org/?sk=4FFB52B2-3653-409A-B471-D47B46D904B5&sId=1485878855236"
"Seychelles",100,104.041944107256,102.985416978776,105.9275,109.849908878749,111.835,113.18,"124.23666666666701",127.499166666667,126.179166666667,"126.57250000000001",NA,"https://data.imf.org/?sk=4FFB52B2-3653-409A-B471-D47B46D904B5&sId=1485878855236"
"Sierra Leone",39.53,42.1716666666667,46.7625,55.2833333333334,64.145,73.6416666666667,83.5441666666667,"93.464166666666699",118.894166666667,175.538763882859,NA,NA,"https://data.imf.org/?sk=4FFB52B2-3653-409A-B471-D47B46D904B5&sId=1485878855236"
"Singapore",99.48,98.9631666666667,98.4364166666667,99.0036666666666,99.4379166666667,100,99.8180833333333,"102.11875000000001",108.3695,113.5945,"116.282666666667",NA,"https://data.imf.org/?sk=4FFB52B2-3653-409A-B471-D47B46D904B5&sId=1485878855236"
"Sint Maarten (Dutch part)",126.38,126.800053,126.941666666667,129.724240833333,NA,NA,NA,NA,NA,NA,NA,NA,"https://data.imf.org/?sk=4FFB52B2-3653-409A-B471-D47B46D904B5&sId=1485878855236"
"Slovak Republic",163.99,163.458333333333,162.608333333333,164.741666666667,168.883333333333,173.383333333333,176.741666666667,"182.308333333333",205.596666666667,227.25,"233.51666666666699",NA,"https://data.imf.org/?sk=4FFB52B2-3653-409A-B471-D47B46D904B5&sId=1485878855236"
"Slovenia",100.53,100.000833333333,99.9458333333333,101.374166666667,103.136666666667,104.818333333333,104.760833333333,"106.769166666667",116.200833333333,124.854166666667,"127.308333333333",NA,"https://data.imf.org/?sk=4FFB52B2-3653-409A-B471-D47B46D904B5&sId=1485878855236"
"Solomon Islands",99.59,99.0192394742583,99.5266988438046,100.013072643979,103.475,105.166666666667,108.283333333333,"108.158333333333",114.12665,120.843983666667,NA,NA,"https://data.imf.org/?sk=4FFB52B2-3653-409A-B471-D47B46D904B5&sId=1485878855236"
"Somalia",NA,100.912614982632,100.936767125623,104.930424553925,109.406704846526,114.558181456565,119.270108177513,"124.786231873996",133.245835234109,141.379166666667,"149.29249999999999",NA,"https://data.imf.org/?sk=4FFB52B2-3653-409A-B471-D47B46D904B5&sId=1485878855236"
"South Africa",70.84,74.0583333333333,78.925,83.0166666666667,86.7666666666667,90.3416666666667,93.2416666666666,"97.5416666666667",104.408333333333,110.75,"115.6","101.20","https://tradingeconomics.com/south-africa/consumer-price-index-cpi"
"South Sudan",161.49,246.708437503382,1184.19947771574,3408.7375023654,6255.08545321473,11712.1073313477,15187.7739798582,"16785.029010136899",15662.56025,16035.7684166667,NA,NA,"https://data.imf.org/?sk=4FFB52B2-3653-409A-B471-D47B46D904B5&sId=1485878855236"
"Spain",93.88,93.4115833333334,93.2223333333333,95.0458333333333,96.6378333333333,97.3138333333333,96.99975,"100.000083333333",108.390666666667,112.219416666667,"115.33258333333301",NA,"https://data.imf.org/?sk=4FFB52B2-3653-409A-B471-D47B46D904B5&sId=1485878855236"
"Sri Lanka",83.69,86.8392106625259,90.2770781573499,97.2321485507246,99.3080916149068,102.81207194617,109.139070393375,"116.794936853002",174.866666666667,203.791666666667,"202.916666666667","192.20","https://tradingeconomics.com/sri-lanka/consumer-price-index-cpi"
"St. Kitts and Nevis",109.87,107.345,106.6075,107.348333333333,106.235,105.884889741667,104.648953641667,"105.900229533333",108.725833333333,112.593333333333,NA,NA,"https://data.imf.org/?sk=4FFB52B2-3653-409A-B471-D47B46D904B5&sId=1485878855236"
"St. Lucia",103.35,102.33673675,99.18658925,99.29000325,101.21187935,101.7575,99.9708333333333,"102.380833333333",108.910833333333,113.344166666667,NA,NA,"https://data.imf.org/?sk=4FFB52B2-3653-409A-B471-D47B46D904B5&sId=1485878855236"
"St. Vincent and the Grenadines",107.68,105.808333333333,105.65,107.925,110.433333333333,111.441666666667,110.741666666667,"112.48333333333299",118.85,124.275,NA,NA,"https://data.imf.org/?sk=4FFB52B2-3653-409A-B471-D47B46D904B5&sId=1485878855236"
"Sudan",429.84,502.526317629177,591.726014576918,783.159002330597,1278.83997140833,1930.97228503467,5083.43481548078,"23337.695470408999",55732.3912087947,NA,NA,NA,"https://data.imf.org/?sk=4FFB52B2-3653-409A-B471-D47B46D904B5&sId=1485878855236"
"Suriname",62.16,66.4430844256637,103.260784151046,125.975,NA,140.633333333333,189.7,"301.85000000000002",460.158333333333,697.541666666667,NA,NA,"https://data.imf.org/?sk=4FFB52B2-3653-409A-B471-D47B46D904B5&sId=1485878855236"
"Sweden",313.49,313.345833333333,316.43,322.108333333333,328.400833333333,334.26,335.9225,"343.18916666666701",371.911666666667,403.705,"415.15333333333302",NA,"https://data.imf.org/?sk=4FFB52B2-3653-409A-B471-D47B46D904B5&sId=1485878855236"
"Switzerland",100.91,99.7598666666667,99.3262916666667,99.8564833333333,100.791475,101.157233333333,100.422958333333,"101.00723333333301",103.870816666667,106.088875,"107.2159",NA,"https://data.imf.org/?sk=4FFB52B2-3653-409A-B471-D47B46D904B5&sId=1485878855236"
"Tajikistan",467.66,448.833333333333,662.95,782.78,790.145833333333,896.164166666667,NA,NA,NA,NA,NA,NA,"https://data.imf.org/?sk=4FFB52B2-3653-409A-B471-D47B46D904B5&sId=1485878855236"
"Tanzania",77.3,494.384775141618,524.070508542698,90.41,93.57,96.81,100,"103.69",108.2,112.31,"115.75","118.28","https://tradingeconomics.com/tanzania/consumer-price-index-cpi"
"Thailand",98.3,81.6235517947188,85.8473798401535,98.25,99.3,100,99.15,"100.37",106.47,107.78,NA,"100.55","https://tradingeconomics.com/thailand/consumer-price-index-cpi"
"East Timor",98.02,97.417633855643,97.6009248458228,98.2505877295914,99.2958733172803,99.9976256539383,99.1517085920566,"100.371666666667",106.471666666667,107.779166666667,"124.52","124.10","https://tradingeconomics.com/east-timor/consumer-price-index-cpi"
"Togo",99.57,98.65,97.2,97.7083333333333,99.95,100.908333333333,101.408333333333,"105.158333333333",112.525,122,"129.16","103.20","https://tradingeconomics.com/togo/consumer-price-index-cpi"
"Tonga",86.29,102.14413725,103.4571475,102.44131225,103.391717083333,104.089252166667,105.858024833333,"110.289469416667",119.076864083333,125.613333333333,NA,NA,"https://data.imf.org/?sk=4FFB52B2-3653-409A-B471-D47B46D904B5&sId=1485878855236"
"Trinidad and Tobago",96.77,85.3844080411798,87.585750556483,94.1696264607679,98.9083333333333,100.075,99.725,"105.35",116.908333333333,124.333333333333,"128.291666666667",NA,"https://data.imf.org/?sk=4FFB52B2-3653-409A-B471-D47B46D904B5&sId=1485878855236"
"Tunisia",95.75,100,103.63,109.13,117.11,124.98,132.02,"139.55000000000001",151.14,165.24,"176.82","181.80","https://tradingeconomics.com/tunisia/consumer-price-index-cpi"
"Uganda",86.35,260.585,280.845833333333,312.144166666667,363.125,418.235833333333,469.590833333333,"561.61416666666696",967.710833333334,1488.91416666667,"2360.0250000000001","135.20","https://tradingeconomics.com/uganda/consumer-price-index-cpi"
"Ukraine",116.98,91.1739853564246,96.3767149053951,101.397669062862,104.050244161525,107.033976512937,110.580357762645,"113.018181419988",121.150731128109,127.633443804251,"131.91615519234099",NA,"https://data.imf.org/?sk=4FFB52B2-3653-409A-B471-D47B46D904B5&sId=1485878855236"
"United Arab Emirates",93.71,173.941666666667,198.141666666667,226.75,251.583333333333,271.425,278.841666666667,"304.95",366.5,413.591666666667,"440.48333333333301",NA,"https://data.imf.org/?sk=4FFB52B2-3653-409A-B471-D47B46D904B5&sId=1485878855236"
"United Kingdom",99.63,96.9016406605125,98.4690131562825,100.40572689363,103.486810958713,101.488396661808,99.3780437148904,"99.556859931932294",104.824638433009,106.529829602456,NA,NA,"https://data.imf.org/?sk=4FFB52B2-3653-409A-B471-D47B46D904B5&sId=1485878855236"
"United States",108.57,99.9916666666666,101,103.583333333333,105.958333333333,107.8,108.866666666667,"111.60833333333299",120.45,128.633333333333,"132.84166666666701",NA,"https://data.imf.org/?sk=4FFB52B2-3653-409A-B471-D47B46D904B5&sId=1485878855236"
"Uruguay",51.48,108.695721960694,110.06700893427,112.411557302308,115.157303224791,117.244195476228,118.690501577198,"124.266413825838",134.21120616846,139.73579356326,"143.85733601460799",NA,"https://data.imf.org/?sk=4FFB52B2-3653-409A-B471-D47B46D904B5&sId=1485878855236"
"Uzbekistan",49.16,55.9396144516788,61.3318651857526,65.1455381080046,70.1008553555471,75.6261968594408,83.0045959402528,"89.435720668964606",97.5782883830397,103.305259218333,NA,NA,"https://data.imf.org/?sk=4FFB52B2-3653-409A-B471-D47B46D904B5&sId=1485878855236"
"Vanuatu",141.95,53.4587629167683,57.8054343582056,65.8263676062856,77.3618985236057,88.5992836337465,100,"110.849239750812",123.537757269117,135.837906135904,NA,NA,"https://data.imf.org/?sk=4FFB52B2-3653-409A-B471-D47B46D904B5&sId=1485878855236"
"Venezuela, RB",658.68,145.475,146.7,151.225,154.75,159.025,167.5,"171.42500000000001",182.875,NA,NA,NA,"https://data.imf.org/?sk=4FFB52B2-3653-409A-B471-D47B46D904B5&sId=1485878855236"
"Vietnam",87.65,1460.53333333333,5184.14166666667,93.95,97.28,100.01,103.16,"104.87",108.19,111.62,"115.75","118.69","https://tradingeconomics.com/vietnam/consumer-price-index-cpi"
"West Bank and Gaza",98.79,88.1986136094388,90.5519715027653,93.7396335169164,97.0576678876846,99.7712291444279,102.984794951845,"104.87427299701",108.184637289345,111.703767595296,"115.748664612721",NA,"https://data.imf.org/?sk=4FFB52B2-3653-409A-B471-D47B46D904B5&sId=1485878855236"
"Yemen, Rep.",183.58,100.202504794195,99.9829544879087,100.195489188333,99.9999999999993,101.580183336394,100.833231741553,"102.081023854591",105.900103535309,112.117606395593,NA,NA,"https://data.imf.org/?sk=4FFB52B2-3653-409A-B471-D47B46D904B5&sId=1485878855236"
"Zambia",141.51,155.8175,183.661666666667,195.741666666667,210.411666666667,229.665,265.798333333333,"324.32916666666699",359.983333333333,399.165833333333,"458.98","509.97","https://tradingeconomics.com/zambia/consumer-price-index-cpi"
"Zimbabwe",2.08,2.02720306284805,1.99590974542562,2.01375242641209,2.22759009546539,7.91473878281623,52.0158071201273,"103.275359069212",211.41,70.74,"112.01","184.60","https://tradingeconomics.com/zimbabwe/consumer-price-index-cpi"
NA,NA,NA,NA,NA,NA,NA,NA,NA,NA,NA,NA,NA,NA
NA,NA,NA,NA,NA,NA,NA,NA,NA,NA,NA,NA,NA,NA
NA,NA,NA,NA,NA,NA,NA,NA,NA,NA,NA,NA,NA,NA
NA,NA,NA,NA,NA,NA,NA,NA,NA,NA,NA,NA,NA,NA
NA,NA,NA,NA,NA,NA,NA,NA,NA,NA,NA,NA,NA,NA
NA,NA,NA,NA,NA,NA,NA,NA,NA,NA,NA,NA,NA,NA
NA,NA,NA,NA,NA,NA,NA,NA,NA,NA,NA,NA,NA,NA
NA,NA,NA,NA,NA,NA,NA,NA,NA,NA,NA,NA,NA,NA
NA,NA,NA,NA,NA,NA,NA,NA,NA,NA,NA,NA,NA,NA
NA,NA,NA,NA,NA,NA,NA,NA,NA,NA,NA,NA,NA,NA
NA,NA,NA,NA,NA,NA,NA,NA,NA,NA,NA,NA,NA,NA
NA,NA,NA,NA,NA,NA,NA,NA,NA,NA,NA,NA,NA,NA
NA,NA,NA,NA,NA,NA,NA,NA,NA,NA,NA,NA,NA,NA
NA,NA,NA,NA,NA,NA,NA,NA,NA,NA,NA,NA,NA,NA
NA,NA,NA,NA,NA,NA,NA,NA,NA,NA,NA,NA,NA,NA
NA,NA,NA,NA,NA,NA,NA,NA,NA,NA,NA,NA,NA,NA
NA,NA,NA,NA,NA,NA,NA,NA,NA,NA,NA,NA,NA,NA
NA,NA,NA,NA,NA,NA,NA,NA,NA,NA,NA,NA,NA,NA
NA,NA,NA,NA,NA,NA,NA,NA,NA,NA,NA,NA,NA,NA
NA,NA,NA,NA,NA,NA,NA,NA,NA,NA,NA,NA,NA,NA
NA,NA,NA,NA,NA,NA,NA,NA,NA,NA,NA,NA,NA,NA
NA,NA,NA,NA,NA,NA,NA,NA,NA,NA,NA,NA,NA,NA
NA,NA,NA,NA,NA,NA,NA,NA,NA,NA,NA,NA,NA,NA
NA,NA,NA,NA,NA,NA,NA,NA,NA,NA,NA,NA,NA,NA
NA,NA,NA,NA,NA,NA,NA,NA,NA,NA,NA,NA,NA,NA
NA,NA,NA,NA,NA,NA,NA,NA,NA,NA,NA,NA,NA,NA
NA,NA,NA,NA,NA,NA,NA,NA,NA,NA,NA,NA,NA,NA
NA,NA,NA,NA,NA,NA,NA,NA,NA,NA,NA,NA,NA,NA
NA,NA,NA,NA,NA,NA,NA,NA,NA,NA,NA,NA,NA,NA
NA,NA,NA,NA,NA,NA,NA,NA,NA,NA,NA,NA,NA,NA
NA,NA,NA,NA,NA,NA,NA,NA,NA,NA,NA,NA,NA,NA
NA,NA,NA,NA,NA,NA,NA,NA,NA,NA,NA,NA,NA,NA
NA,NA,NA,NA,NA,NA,NA,NA,NA,NA,NA,NA,NA,NA
NA,NA,NA,NA,NA,NA,NA,NA,NA,NA,NA,NA,NA,NA
NA,NA,NA,NA,NA,NA,NA,NA,NA,NA,NA,NA,NA,NA
NA,NA,NA,NA,NA,NA,NA,NA,NA,NA,NA,NA,NA,NA
NA,NA,NA,NA,NA,NA,NA,NA,NA,NA,NA,NA,NA,NA
NA,NA,NA,NA,NA,NA,NA,NA,NA,NA,NA,NA,NA,NA
NA,NA,NA,NA,NA,NA,NA,NA,NA,NA,NA,NA,NA,NA
NA,NA,NA,NA,NA,NA,NA,NA,NA,NA,NA,NA,NA,NA
NA,NA,NA,NA,NA,NA,NA,NA,NA,NA,NA,NA,NA,NA
NA,NA,NA,NA,NA,NA,NA,NA,NA,NA,NA,NA,NA,NA
NA,NA,NA,NA,NA,NA,NA,NA,NA,NA,NA,NA,NA,NA
NA,NA,NA,NA,NA,NA,NA,NA,NA,NA,NA,NA,NA,NA
NA,NA,NA,NA,NA,NA,NA,NA,NA,NA,NA,NA,NA,NA
NA,NA,NA,NA,NA,NA,NA,NA,NA,NA,NA,NA,NA,NA
NA,NA,NA,NA,NA,NA,NA,NA,NA,NA,NA,NA,NA,NA
NA,NA,NA,NA,NA,NA,NA,NA,NA,NA,NA,NA,NA,NA
NA,NA,NA,NA,NA,NA,NA,NA,NA,NA,NA,NA,NA,NA
NA,NA,NA,NA,NA,NA,NA,NA,NA,NA,NA,NA,NA,NA
NA,NA,NA,NA,NA,NA,NA,NA,NA,NA,NA,NA,NA,NA
NA,NA,NA,NA,NA,NA,NA,NA,NA,NA,NA,NA,NA,NA
NA,NA,NA,NA,NA,NA,NA,NA,NA,NA,NA,NA,NA,NA
NA,NA,NA,NA,NA,NA,NA,NA,NA,NA,NA,NA,NA,NA
NA,NA,NA,NA,NA,NA,NA,NA,NA,NA,NA,NA,NA,NA
NA,NA,NA,NA,NA,NA,NA,NA,NA,NA,NA,NA,NA,NA
NA,NA,NA,NA,NA,NA,NA,NA,NA,NA,NA,NA,NA,NA
NA,NA,NA,NA,NA,NA,NA,NA,NA,NA,NA,NA,NA,NA
NA,NA,NA,NA,NA,NA,NA,NA,NA,NA,NA,NA,NA,NA
NA,NA,NA,NA,NA,NA,NA,NA,NA,NA,NA,NA,NA,NA
NA,NA,NA,NA,NA,NA,NA,NA,NA,NA,NA,NA,NA,NA
NA,NA,NA,NA,NA,NA,NA,NA,NA,NA,NA,NA,NA,NA
NA,NA,NA,NA,NA,NA,NA,NA,NA,NA,NA,NA,NA,NA
NA,NA,NA,NA,NA,NA,NA,NA,NA,NA,NA,NA,NA,NA
NA,NA,NA,NA,NA,NA,NA,NA,NA,NA,NA,NA,NA,NA
NA,NA,NA,NA,NA,NA,NA,NA,NA,NA,NA,NA,NA,NA
NA,NA,NA,NA,NA,NA,NA,NA,NA,NA,NA,NA,NA,NA
NA,NA,NA,NA,NA,NA,NA,NA,NA,NA,NA,NA,NA,NA
NA,NA,NA,NA,NA,NA,NA,NA,NA,NA,NA,NA,NA,NA
NA,NA,NA,NA,NA,NA,NA,NA,NA,NA,NA,NA,NA,NA
NA,NA,NA,NA,NA,NA,NA,NA,NA,NA,NA,NA,NA,NA
NA,NA,NA,NA,NA,NA,NA,NA,NA,NA,NA,NA,NA,NA
NA,NA,NA,NA,NA,NA,NA,NA,NA,NA,NA,NA,NA,NA
NA,NA,NA,NA,NA,NA,NA,NA,NA,NA,NA,NA,NA,NA
NA,NA,NA,NA,NA,NA,NA,NA,NA,NA,NA,NA,NA,NA
NA,NA,NA,NA,NA,NA,NA,NA,NA,NA,NA,NA,NA,NA
NA,NA,NA,NA,NA,NA,NA,NA,NA,NA,NA,NA,NA,NA
NA,NA,NA,NA,NA,NA,NA,NA,NA,NA,NA,NA,NA,NA
NA,NA,NA,NA,NA,NA,NA,NA,NA,NA,NA,NA,NA,NA
NA,NA,NA,NA,NA,NA,NA,NA,NA,NA,NA,NA,NA,NA
NA,NA,NA,NA,NA,NA,NA,NA,NA,NA,NA,NA,NA,NA
NA,NA,NA,NA,NA,NA,NA,NA,NA,NA,NA,NA,NA,NA
NA,NA,NA,NA,NA,NA,NA,NA,NA,NA,NA,NA,NA,NA
NA,NA,NA,NA,NA,NA,NA,NA,NA,NA,NA,NA,NA,NA
NA,NA,NA,NA,NA,NA,NA,NA,NA,NA,NA,NA,NA,NA
NA,NA,NA,NA,NA,NA,NA,NA,NA,NA,NA,NA,NA,NA
NA,NA,NA,NA,NA,NA,NA,NA,NA,NA,NA,NA,NA,NA
NA,NA,NA,NA,NA,NA,NA,NA,NA,NA,NA,NA,NA,NA
NA,NA,NA,NA,NA,NA,NA,NA,NA,NA,NA,NA,NA,NA
NA,NA,NA,NA,NA,NA,NA,NA,NA,NA,NA,NA,NA,NA
NA,NA,NA,NA,NA,NA,NA,NA,NA,NA,NA,NA,NA,NA
NA,NA,NA,NA,NA,NA,NA,NA,NA,NA,NA,NA,NA,NA
NA,NA,NA,NA,NA,NA,NA,NA,NA,NA,NA,NA,NA,NA
NA,NA,NA,NA,NA,NA,NA,NA,NA,NA,NA,NA,NA,NA
NA,NA,NA,NA,NA,NA,NA,NA,NA,NA,NA,NA,NA,NA
NA,NA,NA,NA,NA,NA,NA,NA,NA,NA,NA,NA,NA,NA
NA,NA,NA,NA,NA,NA,NA,NA,NA,NA,NA,NA,NA,NA
NA,NA,NA,NA,NA,NA,NA,NA,NA,NA,NA,NA,NA,NA
NA,NA,NA,NA,NA,NA,NA,NA,NA,NA,NA,NA,NA,NA
NA,NA,NA,NA,NA,NA,NA,NA,NA,NA,NA,NA,NA,NA
NA,NA,NA,NA,NA,NA,NA,NA,NA,NA,NA,NA,NA,NA
NA,NA,NA,NA,NA,NA,NA,NA,NA,NA,NA,NA,NA,NA
NA,NA,NA,NA,NA,NA,NA,NA,NA,NA,NA,NA,NA,NA
NA,NA,NA,NA,NA,NA,NA,NA,NA,NA,NA,NA,NA,NA
NA,NA,NA,NA,NA,NA,NA,NA,NA,NA,NA,NA,NA,NA
NA,NA,NA,NA,NA,NA,NA,NA,NA,NA,NA,NA,NA,NA
NA,NA,NA,NA,NA,NA,NA,NA,NA,NA,NA,NA,NA,NA
NA,NA,NA,NA,NA,NA,NA,NA,NA,NA,NA,NA,NA,NA
NA,NA,NA,NA,NA,NA,NA,NA,NA,NA,NA,NA,NA,NA
NA,NA,NA,NA,NA,NA,NA,NA,NA,NA,NA,NA,NA,NA
NA,NA,NA,NA,NA,NA,NA,NA,NA,NA,NA,NA,NA,NA
NA,NA,NA,NA,NA,NA,NA,NA,NA,NA,NA,NA,NA,NA
NA,NA,NA,NA,NA,NA,NA,NA,NA,NA,NA,NA,NA,NA
NA,NA,NA,NA,NA,NA,NA,NA,NA,NA,NA,NA,NA,NA
NA,NA,NA,NA,NA,NA,NA,NA,NA,NA,NA,NA,NA,NA
NA,NA,NA,NA,NA,NA,NA,NA,NA,NA,NA,NA,NA,NA
NA,NA,NA,NA,NA,NA,NA,NA,NA,NA,NA,NA,NA,NA
NA,NA,NA,NA,NA,NA,NA,NA,NA,NA,NA,NA,NA,NA
NA,NA,NA,NA,NA,NA,NA,NA,NA,NA,NA,NA,NA,NA
NA,NA,NA,NA,NA,NA,NA,NA,NA,NA,NA,NA,NA,NA
NA,NA,NA,NA,NA,NA,NA,NA,NA,NA,NA,NA,NA,NA
NA,NA,NA,NA,NA,NA,NA,NA,NA,NA,NA,NA,NA,NA
NA,NA,NA,NA,NA,NA,NA,NA,NA,NA,NA,NA,NA,NA
NA,NA,NA,NA,NA,NA,NA,NA,NA,NA,NA,NA,NA,NA
NA,NA,NA,NA,NA,NA,NA,NA,NA,NA,NA,NA,NA,NA
NA,NA,NA,NA,NA,NA,NA,NA,NA,NA,NA,NA,NA,NA
NA,NA,NA,NA,NA,NA,NA,NA,NA,NA,NA,NA,NA,NA
NA,NA,NA,NA,NA,NA,NA,NA,NA,NA,NA,NA,NA,NA
NA,NA,NA,NA,NA,NA,NA,NA,NA,NA,NA,NA,NA,NA
NA,NA,NA,NA,NA,NA,NA,NA,NA,NA,NA,NA,NA,NA
NA,NA,NA,NA,NA,NA,NA,NA,NA,NA,NA,NA,NA,NA
NA,NA,NA,NA,NA,NA,NA,NA,NA,NA,NA,NA,NA,NA
NA,NA,NA,NA,NA,NA,NA,NA,NA,NA,NA,NA,NA,NA
NA,NA,NA,NA,NA,NA,NA,NA,NA,NA,NA,NA,NA,NA
NA,NA,NA,NA,NA,NA,NA,NA,NA,NA,NA,NA,NA,NA
NA,NA,NA,NA,NA,NA,NA,NA,NA,NA,NA,NA,NA,NA
NA,NA,NA,NA,NA,NA,NA,NA,NA,NA,NA,NA,NA,NA
NA,NA,NA,NA,NA,NA,NA,NA,NA,NA,NA,NA,NA,NA
NA,NA,NA,NA,NA,NA,NA,NA,NA,NA,NA,NA,NA,NA
NA,NA,NA,NA,NA,NA,NA,NA,NA,NA,NA,NA,NA,NA
NA,NA,NA,NA,NA,NA,NA,NA,NA,NA,NA,NA,NA,NA
NA,NA,NA,NA,NA,NA,NA,NA,NA,NA,NA,NA,NA,NA
NA,NA,NA,NA,NA,NA,NA,NA,NA,NA,NA,NA,NA,NA
NA,NA,NA,NA,NA,NA,NA,NA,NA,NA,NA,NA,NA,NA
NA,NA,NA,NA,NA,NA,NA,NA,NA,NA,NA,NA,NA,NA
NA,NA,NA,NA,NA,NA,NA,NA,NA,NA,NA,NA,NA,NA
NA,NA,NA,NA,NA,NA,NA,NA,NA,NA,NA,NA,NA,NA
NA,NA,NA,NA,NA,NA,NA,NA,NA,NA,NA,NA,NA,NA
NA,NA,NA,NA,NA,NA,NA,NA,NA,NA,NA,NA,NA,NA
NA,NA,NA,NA,NA,NA,NA,NA,NA,NA,NA,NA,NA,NA
NA,NA,NA,NA,NA,NA,NA,NA,NA,NA,NA,NA,NA,NA
NA,NA,NA,NA,NA,NA,NA,NA,NA,NA,NA,NA,NA,NA
NA,NA,NA,NA,NA,NA,NA,NA,NA,NA,NA,NA,NA,NA
NA,NA,NA,NA,NA,NA,NA,NA,NA,NA,NA,NA,NA,NA
NA,NA,NA,NA,NA,NA,NA,NA,NA,NA,NA,NA,NA,NA
NA,NA,NA,NA,NA,NA,NA,NA,NA,NA,NA,NA,NA,NA
NA,NA,NA,NA,NA,NA,NA,NA,NA,NA,NA,NA,NA,NA
NA,NA,NA,NA,NA,NA,NA,NA,NA,NA,NA,NA,NA,NA
NA,NA,NA,NA,NA,NA,NA,NA,NA,NA,NA,NA,NA,NA
NA,NA,NA,NA,NA,NA,NA,NA,NA,NA,NA,NA,NA,NA
NA,NA,NA,NA,NA,NA,NA,NA,NA,NA,NA,NA,NA,NA
NA,NA,NA,NA,NA,NA,NA,NA,NA,NA,NA,NA,NA,NA
NA,NA,NA,NA,NA,NA,NA,NA,NA,NA,NA,NA,NA,NA
NA,NA,NA,NA,NA,NA,NA,NA,NA,NA,NA,NA,NA,NA
NA,NA,NA,NA,NA,NA,NA,NA,NA,NA,NA,NA,NA,NA
NA,NA,NA,NA,NA,NA,NA,NA,NA,NA,NA,NA,NA,NA
NA,NA,NA,NA,NA,NA,NA,NA,NA,NA,NA,NA,NA,NA
NA,NA,NA,NA,NA,NA,NA,NA,NA,NA,NA,NA,NA,NA
NA,NA,NA,NA,NA,NA,NA,NA,NA,NA,NA,NA,NA,NA
NA,NA,NA,NA,NA,NA,NA,NA,NA,NA,NA,NA,NA,NA
NA,NA,NA,NA,NA,NA,NA,NA,NA,NA,NA,NA,NA,NA
NA,NA,NA,NA,NA,NA,NA,NA,NA,NA,NA,NA,NA,NA
NA,NA,NA,NA,NA,NA,NA,NA,NA,NA,NA,NA,NA,NA
NA,NA,NA,NA,NA,NA,NA,NA,NA,NA,NA,NA,NA,NA
NA,NA,NA,NA,NA,NA,NA,NA,NA,NA,NA,NA,NA,NA
NA,NA,NA,NA,NA,NA,NA,NA,NA,NA,NA,NA,NA,NA
NA,NA,NA,NA,NA,NA,NA,NA,NA,NA,NA,NA,NA,NA
NA,NA,NA,NA,NA,NA,NA,NA,NA,NA,NA,NA,NA,NA
NA,NA,NA,NA,NA,NA,NA,NA,NA,NA,NA,NA,NA,NA
NA,NA,NA,NA,NA,NA,NA,NA,NA,NA,NA,NA,NA,NA
NA,NA,NA,NA,NA,NA,NA,NA,NA,NA,NA,NA,NA,NA
NA,NA,NA,NA,NA,NA,NA,NA,NA,NA,NA,NA,NA,NA
NA,NA,NA,NA,NA,NA,NA,NA,NA,NA,NA,NA,NA,NA
NA,NA,NA,NA,NA,NA,NA,NA,NA,NA,NA,NA,NA,NA
NA,NA,NA,NA,NA,NA,NA,NA,NA,NA,NA,NA,NA,NA
NA,NA,NA,NA,NA,NA,NA,NA,NA,NA,NA,NA,NA,NA
NA,NA,NA,NA,NA,NA,NA,NA,NA,NA,NA,NA,NA,NA
NA,NA,NA,NA,NA,NA,NA,NA,NA,NA,NA,NA,NA,NA
NA,NA,NA,NA,NA,NA,NA,NA,NA,NA,NA,NA,NA,NA
NA,NA,NA,NA,NA,NA,NA,NA,NA,NA,NA,NA,NA,NA
NA,NA,NA,NA,NA,NA,NA,NA,NA,NA,NA,NA,NA,NA
NA,NA,NA,NA,NA,NA,NA,NA,NA,NA,NA,NA,NA,NA
NA,NA,NA,NA,NA,NA,NA,NA,NA,NA,NA,NA,NA,NA
NA,NA,NA,NA,NA,NA,NA,NA,NA,NA,NA,NA,NA,NA
NA,NA,NA,NA,NA,NA,NA,NA,NA,NA,NA,NA,NA,NA
NA,NA,NA,NA,NA,NA,NA,NA,NA,NA,NA,NA,NA,NA
NA,NA,NA,NA,NA,NA,NA,NA,NA,NA,NA,NA,NA,NA
NA,NA,NA,NA,NA,NA,NA,NA,NA,NA,NA,NA,NA,NA
NA,NA,NA,NA,NA,NA,NA,NA,NA,NA,NA,NA,NA,NA
NA,NA,NA,NA,NA,NA,NA,NA,NA,NA,NA,NA,NA,NA
NA,NA,NA,NA,NA,NA,NA,NA,NA,NA,NA,NA,NA,NA
NA,NA,NA,NA,NA,NA,NA,NA,NA,NA,NA,NA,NA,NA
NA,NA,NA,NA,NA,NA,NA,NA,NA,NA,NA,NA,NA,NA
NA,NA,NA,NA,NA,NA,NA,NA,NA,NA,NA,NA,NA,NA
NA,NA,NA,NA,NA,NA,NA,NA,NA,NA,NA,NA,NA,NA
NA,NA,NA,NA,NA,NA,NA,NA,NA,NA,NA,NA,NA,NA
NA,NA,NA,NA,NA,NA,NA,NA,NA,NA,NA,NA,NA,NA
NA,NA,NA,NA,NA,NA,NA,NA,NA,NA,NA,NA,NA,NA
NA,NA,NA,NA,NA,NA,NA,NA,NA,NA,NA,NA,NA,NA
NA,NA,NA,NA,NA,NA,NA,NA,NA,NA,NA,NA,NA,NA
NA,NA,NA,NA,NA,NA,NA,NA,NA,NA,NA,NA,NA,NA
NA,NA,NA,NA,NA,NA,NA,NA,NA,NA,NA,NA,NA,NA
NA,NA,NA,NA,NA,NA,NA,NA,NA,NA,NA,NA,NA,NA
NA,NA,NA,NA,NA,NA,NA,NA,NA,NA,NA,NA,NA,NA
NA,NA,NA,NA,NA,NA,NA,NA,NA,NA,NA,NA,NA,NA
NA,NA,NA,NA,NA,NA,NA,NA,NA,NA,NA,NA,NA,NA
NA,NA,NA,NA,NA,NA,NA,NA,NA,NA,NA,NA,NA,NA
NA,NA,NA,NA,NA,NA,NA,NA,NA,NA,NA,NA,NA,NA
NA,NA,NA,NA,NA,NA,NA,NA,NA,NA,NA,NA,NA,NA
NA,NA,NA,NA,NA,NA,NA,NA,NA,NA,NA,NA,NA,NA
NA,NA,NA,NA,NA,NA,NA,NA,NA,NA,NA,NA,NA,NA
NA,NA,NA,NA,NA,NA,NA,NA,NA,NA,NA,NA,NA,NA
NA,NA,NA,NA,NA,NA,NA,NA,NA,NA,NA,NA,NA,NA
NA,NA,NA,NA,NA,NA,NA,NA,NA,NA,NA,NA,NA,NA
NA,NA,NA,NA,NA,NA,NA,NA,NA,NA,NA,NA,NA,NA
NA,NA,NA,NA,NA,NA,NA,NA,NA,NA,NA,NA,NA,NA
NA,NA,NA,NA,NA,NA,NA,NA,NA,NA,NA,NA,NA,NA
NA,NA,NA,NA,NA,NA,NA,NA,NA,NA,NA,NA,NA,NA
NA,NA,NA,NA,NA,NA,NA,NA,NA,NA,NA,NA,NA,NA
NA,NA,NA,NA,NA,NA,NA,NA,NA,NA,NA,NA,NA,NA
NA,NA,NA,NA,NA,NA,NA,NA,NA,NA,NA,NA,NA,NA
NA,NA,NA,NA,NA,NA,NA,NA,NA,NA,NA,NA,NA,NA
NA,NA,NA,NA,NA,NA,NA,NA,NA,NA,NA,NA,NA,NA
NA,NA,NA,NA,NA,NA,NA,NA,NA,NA,NA,NA,NA,NA
NA,NA,NA,NA,NA,NA,NA,NA,NA,NA,NA,NA,NA,NA
NA,NA,NA,NA,NA,NA,NA,NA,NA,NA,NA,NA,NA,NA
NA,NA,NA,NA,NA,NA,NA,NA,NA,NA,NA,NA,NA,NA
NA,NA,NA,NA,NA,NA,NA,NA,NA,NA,NA,NA,NA,NA
NA,NA,NA,NA,NA,NA,NA,NA,NA,NA,NA,NA,NA,NA
NA,NA,NA,NA,NA,NA,NA,NA,NA,NA,NA,NA,NA,NA
NA,NA,NA,NA,NA,NA,NA,NA,NA,NA,NA,NA,NA,NA
NA,NA,NA,NA,NA,NA,NA,NA,NA,NA,NA,NA,NA,NA
NA,NA,NA,NA,NA,NA,NA,NA,NA,NA,NA,NA,NA,NA
NA,NA,NA,NA,NA,NA,NA,NA,NA,NA,NA,NA,NA,NA
NA,NA,NA,NA,NA,NA,NA,NA,NA,NA,NA,NA,NA,NA
NA,NA,NA,NA,NA,NA,NA,NA,NA,NA,NA,NA,NA,NA
NA,NA,NA,NA,NA,NA,NA,NA,NA,NA,NA,NA,NA,NA
NA,NA,NA,NA,NA,NA,NA,NA,NA,NA,NA,NA,NA,NA
NA,NA,NA,NA,NA,NA,NA,NA,NA,NA,NA,NA,NA,NA
NA,NA,NA,NA,NA,NA,NA,NA,NA,NA,NA,NA,NA,NA
NA,NA,NA,NA,NA,NA,NA,NA,NA,NA,NA,NA,NA,NA
NA,NA,NA,NA,NA,NA,NA,NA,NA,NA,NA,NA,NA,NA
NA,NA,NA,NA,NA,NA,NA,NA,NA,NA,NA,NA,NA,NA
NA,NA,NA,NA,NA,NA,NA,NA,NA,NA,NA,NA,NA,NA
NA,NA,NA,NA,NA,NA,NA,NA,NA,NA,NA,NA,NA,NA
NA,NA,NA,NA,NA,NA,NA,NA,NA,NA,NA,NA,NA,NA
NA,NA,NA,NA,NA,NA,NA,NA,NA,NA,NA,NA,NA,NA
NA,NA,NA,NA,NA,NA,NA,NA,NA,NA,NA,NA,NA,NA
NA,NA,NA,NA,NA,NA,NA,NA,NA,NA,NA,NA,NA,NA
NA,NA,NA,NA,NA,NA,NA,NA,NA,NA,NA,NA,NA,NA
NA,NA,NA,NA,NA,NA,NA,NA,NA,NA,NA,NA,NA,NA
NA,NA,NA,NA,NA,NA,NA,NA,NA,NA,NA,NA,NA,NA
NA,NA,NA,NA,NA,NA,NA,NA,NA,NA,NA,NA,NA,NA
NA,NA,NA,NA,NA,NA,NA,NA,NA,NA,NA,NA,NA,NA
NA,NA,NA,NA,NA,NA,NA,NA,NA,NA,NA,NA,NA,NA
NA,NA,NA,NA,NA,NA,NA,NA,NA,NA,NA,NA,NA,NA
NA,NA,NA,NA,NA,NA,NA,NA,NA,NA,NA,NA,NA,NA
NA,NA,NA,NA,NA,NA,NA,NA,NA,NA,NA,NA,NA,NA
NA,NA,NA,NA,NA,NA,NA,NA,NA,NA,NA,NA,NA,NA
NA,NA,NA,NA,NA,NA,NA,NA,NA,NA,NA,NA,NA,NA
NA,NA,NA,NA,NA,NA,NA,NA,NA,NA,NA,NA,NA,NA
NA,NA,NA,NA,NA,NA,NA,NA,NA,NA,NA,NA,NA,NA
NA,NA,NA,NA,NA,NA,NA,NA,NA,NA,NA,NA,NA,NA
NA,NA,NA,NA,NA,NA,NA,NA,NA,NA,NA,NA,NA,NA
NA,NA,NA,NA,NA,NA,NA,NA,NA,NA,NA,NA,NA,NA
NA,NA,NA,NA,NA,NA,NA,NA,NA,NA,NA,NA,NA,NA
NA,NA,NA,NA,NA,NA,NA,NA,NA,NA,NA,NA,NA,NA
NA,NA,NA,NA,NA,NA,NA,NA,NA,NA,NA,NA,NA,NA
NA,NA,NA,NA,NA,NA,NA,NA,NA,NA,NA,NA,NA,NA
NA,NA,NA,NA,NA,NA,NA,NA,NA,NA,NA,NA,NA,NA
NA,NA,NA,NA,NA,NA,NA,NA,NA,NA,NA,NA,NA,NA
NA,NA,NA,NA,NA,NA,NA,NA,NA,NA,NA,NA,NA,NA
NA,NA,NA,NA,NA,NA,NA,NA,NA,NA,NA,NA,NA,NA
NA,NA,NA,NA,NA,NA,NA,NA,NA,NA,NA,NA,NA,NA
NA,NA,NA,NA,NA,NA,NA,NA,NA,NA,NA,NA,NA,NA
NA,NA,NA,NA,NA,NA,NA,NA,NA,NA,NA,NA,NA,NA
NA,NA,NA,NA,NA,NA,NA,NA,NA,NA,NA,NA,NA,NA
NA,NA,NA,NA,NA,NA,NA,NA,NA,NA,NA,NA,NA,NA
NA,NA,NA,NA,NA,NA,NA,NA,NA,NA,NA,NA,NA,NA
NA,NA,NA,NA,NA,NA,NA,NA,NA,NA,NA,NA,NA,NA
NA,NA,NA,NA,NA,NA,NA,NA,NA,NA,NA,NA,NA,NA
NA,NA,NA,NA,NA,NA,NA,NA,NA,NA,NA,NA,NA,NA
NA,NA,NA,NA,NA,NA,NA,NA,NA,NA,NA,NA,NA,NA
NA,NA,NA,NA,NA,NA,NA,NA,NA,NA,NA,NA,NA,NA
NA,NA,NA,NA,NA,NA,NA,NA,NA,NA,NA,NA,NA,NA
NA,NA,NA,NA,NA,NA,NA,NA,NA,NA,NA,NA,NA,NA
NA,NA,NA,NA,NA,NA,NA,NA,NA,NA,NA,NA,NA,NA
NA,NA,NA,NA,NA,NA,NA,NA,NA,NA,NA,NA,NA,NA
NA,NA,NA,NA,NA,NA,NA,NA,NA,NA,NA,NA,NA,NA
NA,NA,NA,NA,NA,NA,NA,NA,NA,NA,NA,NA,NA,NA
NA,NA,NA,NA,NA,NA,NA,NA,NA,NA,NA,NA,NA,NA
NA,NA,NA,NA,NA,NA,NA,NA,NA,NA,NA,NA,NA,NA
NA,NA,NA,NA,NA,NA,NA,NA,NA,NA,NA,NA,NA,NA
NA,NA,NA,NA,NA,NA,NA,NA,NA,NA,NA,NA,NA,NA
NA,NA,NA,NA,NA,NA,NA,NA,NA,NA,NA,NA,NA,NA
NA,NA,NA,NA,NA,NA,NA,NA,NA,NA,NA,NA,NA,NA
NA,NA,NA,NA,NA,NA,NA,NA,NA,NA,NA,NA,NA,NA
NA,NA,NA,NA,NA,NA,NA,NA,NA,NA,NA,NA,NA,NA
NA,NA,NA,NA,NA,NA,NA,NA,NA,NA,NA,NA,NA,NA
NA,NA,NA,NA,NA,NA,NA,NA,NA,NA,NA,NA,NA,NA
NA,NA,NA,NA,NA,NA,NA,NA,NA,NA,NA,NA,NA,NA
NA,NA,NA,NA,NA,NA,NA,NA,NA,NA,NA,NA,NA,NA
NA,NA,NA,NA,NA,NA,NA,NA,NA,NA,NA,NA,NA,NA
NA,NA,NA,NA,NA,NA,NA,NA,NA,NA,NA,NA,NA,NA
NA,NA,NA,NA,NA,NA,NA,NA,NA,NA,NA,NA,NA,NA
NA,NA,NA,NA,NA,NA,NA,NA,NA,NA,NA,NA,NA,NA
NA,NA,NA,NA,NA,NA,NA,NA,NA,NA,NA,NA,NA,NA
NA,NA,NA,NA,NA,NA,NA,NA,NA,NA,NA,NA,NA,NA
NA,NA,NA,NA,NA,NA,NA,NA,NA,NA,NA,NA,NA,NA
NA,NA,NA,NA,NA,NA,NA,NA,NA,NA,NA,NA,NA,NA
NA,NA,NA,NA,NA,NA,NA,NA,NA,NA,NA,NA,NA,NA
NA,NA,NA,NA,NA,NA,NA,NA,NA,NA,NA,NA,NA,NA
NA,NA,NA,NA,NA,NA,NA,NA,NA,NA,NA,NA,NA,NA
NA,NA,NA,NA,NA,NA,NA,NA,NA,NA,NA,NA,NA,NA
NA,NA,NA,NA,NA,NA,NA,NA,NA,NA,NA,NA,NA,NA
NA,NA,NA,NA,NA,NA,NA,NA,NA,NA,NA,NA,NA,NA
NA,NA,NA,NA,NA,NA,NA,NA,NA,NA,NA,NA,NA,NA
NA,NA,NA,NA,NA,NA,NA,NA,NA,NA,NA,NA,NA,NA
NA,NA,NA,NA,NA,NA,NA,NA,NA,NA,NA,NA,NA,NA
NA,NA,NA,NA,NA,NA,NA,NA,NA,NA,NA,NA,NA,NA
NA,NA,NA,NA,NA,NA,NA,NA,NA,NA,NA,NA,NA,NA
NA,NA,NA,NA,NA,NA,NA,NA,NA,NA,NA,NA,NA,NA
NA,NA,NA,NA,NA,NA,NA,NA,NA,NA,NA,NA,NA,NA
NA,NA,NA,NA,NA,NA,NA,NA,NA,NA,NA,NA,NA,NA
NA,NA,NA,NA,NA,NA,NA,NA,NA,NA,NA,NA,NA,NA
NA,NA,NA,NA,NA,NA,NA,NA,NA,NA,NA,NA,NA,NA
NA,NA,NA,NA,NA,NA,NA,NA,NA,NA,NA,NA,NA,NA
NA,NA,NA,NA,NA,NA,NA,NA,NA,NA,NA,NA,NA,NA
NA,NA,NA,NA,NA,NA,NA,NA,NA,NA,NA,NA,NA,NA
NA,NA,NA,NA,NA,NA,NA,NA,NA,NA,NA,NA,NA,NA
NA,NA,NA,NA,NA,NA,NA,NA,NA,NA,NA,NA,NA,NA
NA,NA,NA,NA,NA,NA,NA,NA,NA,NA,NA,NA,NA,NA
NA,NA,NA,NA,NA,NA,NA,NA,NA,NA,NA,NA,NA,NA
NA,NA,NA,NA,NA,NA,NA,NA,NA,NA,NA,NA,NA,NA
NA,NA,NA,NA,NA,NA,NA,NA,NA,NA,NA,NA,NA,NA
NA,NA,NA,NA,NA,NA,NA,NA,NA,NA,NA,NA,NA,NA
NA,NA,NA,NA,NA,NA,NA,NA,NA,NA,NA,NA,NA,NA
NA,NA,NA,NA,NA,NA,NA,NA,NA,NA,NA,NA,NA,NA
NA,NA,NA,NA,NA,NA,NA,NA,NA,NA,NA,NA,NA,NA
NA,NA,NA,NA,NA,NA,NA,NA,NA,NA,NA,NA,NA,NA
NA,NA,NA,NA,NA,NA,NA,NA,NA,NA,NA,NA,NA,NA
NA,NA,NA,NA,NA,NA,NA,NA,NA,NA,NA,NA,NA,NA
NA,NA,NA,NA,NA,NA,NA,NA,NA,NA,NA,NA,NA,NA
NA,NA,NA,NA,NA,NA,NA,NA,NA,NA,NA,NA,NA,NA
NA,NA,NA,NA,NA,NA,NA,NA,NA,NA,NA,NA,NA,NA
NA,NA,NA,NA,NA,NA,NA,NA,NA,NA,NA,NA,NA,NA
NA,NA,NA,NA,NA,NA,NA,NA,NA,NA,NA,NA,NA,NA
NA,NA,NA,NA,NA,NA,NA,NA,NA,NA,NA,NA,NA,NA
NA,NA,NA,NA,NA,NA,NA,NA,NA,NA,NA,NA,NA,NA
NA,NA,NA,NA,NA,NA,NA,NA,NA,NA,NA,NA,NA,NA
NA,NA,NA,NA,NA,NA,NA,NA,NA,NA,NA,NA,NA,NA
NA,NA,NA,NA,NA,NA,NA,NA,NA,NA,NA,NA,NA,NA
NA,NA,NA,NA,NA,NA,NA,NA,NA,NA,NA,NA,NA,NA
NA,NA,NA,NA,NA,NA,NA,NA,NA,NA,NA,NA,NA,NA
NA,NA,NA,NA,NA,NA,NA,NA,NA,NA,NA,NA,NA,NA
NA,NA,NA,NA,NA,NA,NA,NA,NA,NA,NA,NA,NA,NA
NA,NA,NA,NA,NA,NA,NA,NA,NA,NA,NA,NA,NA,NA
NA,NA,NA,NA,NA,NA,NA,NA,NA,NA,NA,NA,NA,NA
NA,NA,NA,NA,NA,NA,NA,NA,NA,NA,NA,NA,NA,NA
NA,NA,NA,NA,NA,NA,NA,NA,NA,NA,NA,NA,NA,NA
NA,NA,NA,NA,NA,NA,NA,NA,NA,NA,NA,NA,NA,NA
NA,NA,NA,NA,NA,NA,NA,NA,NA,NA,NA,NA,NA,NA
NA,NA,NA,NA,NA,NA,NA,NA,NA,NA,NA,NA,NA,NA
NA,NA,NA,NA,NA,NA,NA,NA,NA,NA,NA,NA,NA,NA
NA,NA,NA,NA,NA,NA,NA,NA,NA,NA,NA,NA,NA,NA
NA,NA,NA,NA,NA,NA,NA,NA,NA,NA,NA,NA,NA,NA
NA,NA,NA,NA,NA,NA,NA,NA,NA,NA,NA,NA,NA,NA
NA,NA,NA,NA,NA,NA,NA,NA,NA,NA,NA,NA,NA,NA
NA,NA,NA,NA,NA,NA,NA,NA,NA,NA,NA,NA,NA,NA
NA,NA,NA,NA,NA,NA,NA,NA,NA,NA,NA,NA,NA,NA
NA,NA,NA,NA,NA,NA,NA,NA,NA,NA,NA,NA,NA,NA
NA,NA,NA,NA,NA,NA,NA,NA,NA,NA,NA,NA,NA,NA
NA,NA,NA,NA,NA,NA,NA,NA,NA,NA,NA,NA,NA,NA
NA,NA,NA,NA,NA,NA,NA,NA,NA,NA,NA,NA,NA,NA
NA,NA,NA,NA,NA,NA,NA,NA,NA,NA,NA,NA,NA,NA
NA,NA,NA,NA,NA,NA,NA,NA,NA,NA,NA,NA,NA,NA
NA,NA,NA,NA,NA,NA,NA,NA,NA,NA,NA,NA,NA,NA
NA,NA,NA,NA,NA,NA,NA,NA,NA,NA,NA,NA,NA,NA
NA,NA,NA,NA,NA,NA,NA,NA,NA,NA,NA,NA,NA,NA
NA,NA,NA,NA,NA,NA,NA,NA,NA,NA,NA,NA,NA,NA
NA,NA,NA,NA,NA,NA,NA,NA,NA,NA,NA,NA,NA,NA
NA,NA,NA,NA,NA,NA,NA,NA,NA,NA,NA,NA,NA,NA
NA,NA,NA,NA,NA,NA,NA,NA,NA,NA,NA,NA,NA,NA
NA,NA,NA,NA,NA,NA,NA,NA,NA,NA,NA,NA,NA,NA
NA,NA,NA,NA,NA,NA,NA,NA,NA,NA,NA,NA,NA,NA
NA,NA,NA,NA,NA,NA,NA,NA,NA,NA,NA,NA,NA,NA
NA,NA,NA,NA,NA,NA,NA,NA,NA,NA,NA,NA,NA,NA
NA,NA,NA,NA,NA,NA,NA,NA,NA,NA,NA,NA,NA,NA
NA,NA,NA,NA,NA,NA,NA,NA,NA,NA,NA,NA,NA,NA
NA,NA,NA,NA,NA,NA,NA,NA,NA,NA,NA,NA,NA,NA
NA,NA,NA,NA,NA,NA,NA,NA,NA,NA,NA,NA,NA,NA
NA,NA,NA,NA,NA,NA,NA,NA,NA,NA,NA,NA,NA,NA
NA,NA,NA,NA,NA,NA,NA,NA,NA,NA,NA,NA,NA,NA
NA,NA,NA,NA,NA,NA,NA,NA,NA,NA,NA,NA,NA,NA
NA,NA,NA,NA,NA,NA,NA,NA,NA,NA,NA,NA,NA,NA
NA,NA,NA,NA,NA,NA,NA,NA,NA,NA,NA,NA,NA,NA
NA,NA,NA,NA,NA,NA,NA,NA,NA,NA,NA,NA,NA,NA
NA,NA,NA,NA,NA,NA,NA,NA,NA,NA,NA,NA,NA,NA
NA,NA,NA,NA,NA,NA,NA,NA,NA,NA,NA,NA,NA,NA
NA,NA,NA,NA,NA,NA,NA,NA,NA,NA,NA,NA,NA,NA
NA,NA,NA,NA,NA,NA,NA,NA,NA,NA,NA,NA,NA,NA
NA,NA,NA,NA,NA,NA,NA,NA,NA,NA,NA,NA,NA,NA
NA,NA,NA,NA,NA,NA,NA,NA,NA,NA,NA,NA,NA,NA
NA,NA,NA,NA,NA,NA,NA,NA,NA,NA,NA,NA,NA,NA
NA,NA,NA,NA,NA,NA,NA,NA,NA,NA,NA,NA,NA,NA
NA,NA,NA,NA,NA,NA,NA,NA,NA,NA,NA,NA,NA,NA
NA,NA,NA,NA,NA,NA,NA,NA,NA,NA,NA,NA,NA,NA
NA,NA,NA,NA,NA,NA,NA,NA,NA,NA,NA,NA,NA,NA
NA,NA,NA,NA,NA,NA,NA,NA,NA,NA,NA,NA,NA,NA
NA,NA,NA,NA,NA,NA,NA,NA,NA,NA,NA,NA,NA,NA
NA,NA,NA,NA,NA,NA,NA,NA,NA,NA,NA,NA,NA,NA
NA,NA,NA,NA,NA,NA,NA,NA,NA,NA,NA,NA,NA,NA
NA,NA,NA,NA,NA,NA,NA,NA,NA,NA,NA,NA,NA,NA
NA,NA,NA,NA,NA,NA,NA,NA,NA,NA,NA,NA,NA,NA
NA,NA,NA,NA,NA,NA,NA,NA,NA,NA,NA,NA,NA,NA
NA,NA,NA,NA,NA,NA,NA,NA,NA,NA,NA,NA,NA,NA
NA,NA,NA,NA,NA,NA,NA,NA,NA,NA,NA,NA,NA,NA
NA,NA,NA,NA,NA,NA,NA,NA,NA,NA,NA,NA,NA,NA
NA,NA,NA,NA,NA,NA,NA,NA,NA,NA,NA,NA,NA,NA
NA,NA,NA,NA,NA,NA,NA,NA,NA,NA,NA,NA,NA,NA
NA,NA,NA,NA,NA,NA,NA,NA,NA,NA,NA,NA,NA,NA
NA,NA,NA,NA,NA,NA,NA,NA,NA,NA,NA,NA,NA,NA
NA,NA,NA,NA,NA,NA,NA,NA,NA,NA,NA,NA,NA,NA
NA,NA,NA,NA,NA,NA,NA,NA,NA,NA,NA,NA,NA,NA
NA,NA,NA,NA,NA,NA,NA,NA,NA,NA,NA,NA,NA,NA
NA,NA,NA,NA,NA,NA,NA,NA,NA,NA,NA,NA,NA,NA
NA,NA,NA,NA,NA,NA,NA,NA,NA,NA,NA,NA,NA,NA
NA,NA,NA,NA,NA,NA,NA,NA,NA,NA,NA,NA,NA,NA
NA,NA,NA,NA,NA,NA,NA,NA,NA,NA,NA,NA,NA,NA
NA,NA,NA,NA,NA,NA,NA,NA,NA,NA,NA,NA,NA,NA
NA,NA,NA,NA,NA,NA,NA,NA,NA,NA,NA,NA,NA,NA
NA,NA,NA,NA,NA,NA,NA,NA,NA,NA,NA,NA,NA,NA
NA,NA,NA,NA,NA,NA,NA,NA,NA,NA,NA,NA,NA,NA
NA,NA,NA,NA,NA,NA,NA,NA,NA,NA,NA,NA,NA,NA
NA,NA,NA,NA,NA,NA,NA,NA,NA,NA,NA,NA,NA,NA
NA,NA,NA,NA,NA,NA,NA,NA,NA,NA,NA,NA,NA,NA
NA,NA,NA,NA,NA,NA,NA,NA,NA,NA,NA,NA,NA,NA
NA,NA,NA,NA,NA,NA,NA,NA,NA,NA,NA,NA,NA,NA
NA,NA,NA,NA,NA,NA,NA,NA,NA,NA,NA,NA,NA,NA
NA,NA,NA,NA,NA,NA,NA,NA,NA,NA,NA,NA,NA,NA
NA,NA,NA,NA,NA,NA,NA,NA,NA,NA,NA,NA,NA,NA
NA,NA,NA,NA,NA,NA,NA,NA,NA,NA,NA,NA,NA,NA
NA,NA,NA,NA,NA,NA,NA,NA,NA,NA,NA,NA,NA,NA
NA,NA,NA,NA,NA,NA,NA,NA,NA,NA,NA,NA,NA,NA
NA,NA,NA,NA,NA,NA,NA,NA,NA,NA,NA,NA,NA,NA
NA,NA,NA,NA,NA,NA,NA,NA,NA,NA,NA,NA,NA,NA
NA,NA,NA,NA,NA,NA,NA,NA,NA,NA,NA,NA,NA,NA
NA,NA,NA,NA,NA,NA,NA,NA,NA,NA,NA,NA,NA,NA
NA,NA,NA,NA,NA,NA,NA,NA,NA,NA,NA,NA,NA,NA
NA,NA,NA,NA,NA,NA,NA,NA,NA,NA,NA,NA,NA,NA
NA,NA,NA,NA,NA,NA,NA,NA,NA,NA,NA,NA,NA,NA
NA,NA,NA,NA,NA,NA,NA,NA,NA,NA,NA,NA,NA,NA
NA,NA,NA,NA,NA,NA,NA,NA,NA,NA,NA,NA,NA,NA
NA,NA,NA,NA,NA,NA,NA,NA,NA,NA,NA,NA,NA,NA
NA,NA,NA,NA,NA,NA,NA,NA,NA,NA,NA,NA,NA,NA
NA,NA,NA,NA,NA,NA,NA,NA,NA,NA,NA,NA,NA,NA
NA,NA,NA,NA,NA,NA,NA,NA,NA,NA,NA,NA,NA,NA
NA,NA,NA,NA,NA,NA,NA,NA,NA,NA,NA,NA,NA,NA
NA,NA,NA,NA,NA,NA,NA,NA,NA,NA,NA,NA,NA,NA
NA,NA,NA,NA,NA,NA,NA,NA,NA,NA,NA,NA,NA,NA
NA,NA,NA,NA,NA,NA,NA,NA,NA,NA,NA,NA,NA,NA
NA,NA,NA,NA,NA,NA,NA,NA,NA,NA,NA,NA,NA,NA
NA,NA,NA,NA,NA,NA,NA,NA,NA,NA,NA,NA,NA,NA
NA,NA,NA,NA,NA,NA,NA,NA,NA,NA,NA,NA,NA,NA
NA,NA,NA,NA,NA,NA,NA,NA,NA,NA,NA,NA,NA,NA
NA,NA,NA,NA,NA,NA,NA,NA,NA,NA,NA,NA,NA,NA
NA,NA,NA,NA,NA,NA,NA,NA,NA,NA,NA,NA,NA,NA
NA,NA,NA,NA,NA,NA,NA,NA,NA,NA,NA,NA,NA,NA
NA,NA,NA,NA,NA,NA,NA,NA,NA,NA,NA,NA,NA,NA
NA,NA,NA,NA,NA,NA,NA,NA,NA,NA,NA,NA,NA,NA
NA,NA,NA,NA,NA,NA,NA,NA,NA,NA,NA,NA,NA,NA
NA,NA,NA,NA,NA,NA,NA,NA,NA,NA,NA,NA,NA,NA
NA,NA,NA,NA,NA,NA,NA,NA,NA,NA,NA,NA,NA,NA
NA,NA,NA,NA,NA,NA,NA,NA,NA,NA,NA,NA,NA,NA
NA,NA,NA,NA,NA,NA,NA,NA,NA,NA,NA,NA,NA,NA
NA,NA,NA,NA,NA,NA,NA,NA,NA,NA,NA,NA,NA,NA
NA,NA,NA,NA,NA,NA,NA,NA,NA,NA,NA,NA,NA,NA
NA,NA,NA,NA,NA,NA,NA,NA,NA,NA,NA,NA,NA,NA
NA,NA,NA,NA,NA,NA,NA,NA,NA,NA,NA,NA,NA,NA
NA,NA,NA,NA,NA,NA,NA,NA,NA,NA,NA,NA,NA,NA
NA,NA,NA,NA,NA,NA,NA,NA,NA,NA,NA,NA,NA,NA
NA,NA,NA,NA,NA,NA,NA,NA,NA,NA,NA,NA,NA,NA
NA,NA,NA,NA,NA,NA,NA,NA,NA,NA,NA,NA,NA,NA
NA,NA,NA,NA,NA,NA,NA,NA,NA,NA,NA,NA,NA,NA
NA,NA,NA,NA,NA,NA,NA,NA,NA,NA,NA,NA,NA,NA
NA,NA,NA,NA,NA,NA,NA,NA,NA,NA,NA,NA,NA,NA
NA,NA,NA,NA,NA,NA,NA,NA,NA,NA,NA,NA,NA,NA
NA,NA,NA,NA,NA,NA,NA,NA,NA,NA,NA,NA,NA,NA
NA,NA,NA,NA,NA,NA,NA,NA,NA,NA,NA,NA,NA,NA
NA,NA,NA,NA,NA,NA,NA,NA,NA,NA,NA,NA,NA,NA
NA,NA,NA,NA,NA,NA,NA,NA,NA,NA,NA,NA,NA,NA
NA,NA,NA,NA,NA,NA,NA,NA,NA,NA,NA,NA,NA,NA
NA,NA,NA,NA,NA,NA,NA,NA,NA,NA,NA,NA,NA,NA
NA,NA,NA,NA,NA,NA,NA,NA,NA,NA,NA,NA,NA,NA
NA,NA,NA,NA,NA,NA,NA,NA,NA,NA,NA,NA,NA,NA
NA,NA,NA,NA,NA,NA,NA,NA,NA,NA,NA,NA,NA,NA
NA,NA,NA,NA,NA,NA,NA,NA,NA,NA,NA,NA,NA,NA
NA,NA,NA,NA,NA,NA,NA,NA,NA,NA,NA,NA,NA,NA
NA,NA,NA,NA,NA,NA,NA,NA,NA,NA,NA,NA,NA,NA
NA,NA,NA,NA,NA,NA,NA,NA,NA,NA,NA,NA,NA,NA
NA,NA,NA,NA,NA,NA,NA,NA,NA,NA,NA,NA,NA,NA
NA,NA,NA,NA,NA,NA,NA,NA,NA,NA,NA,NA,NA,NA
NA,NA,NA,NA,NA,NA,NA,NA,NA,NA,NA,NA,NA,NA
NA,NA,NA,NA,NA,NA,NA,NA,NA,NA,NA,NA,NA,NA
NA,NA,NA,NA,NA,NA,NA,NA,NA,NA,NA,NA,NA,NA
NA,NA,NA,NA,NA,NA,NA,NA,NA,NA,NA,NA,NA,NA
NA,NA,NA,NA,NA,NA,NA,NA,NA,NA,NA,NA,NA,NA
NA,NA,NA,NA,NA,NA,NA,NA,NA,NA,NA,NA,NA,NA
NA,NA,NA,NA,NA,NA,NA,NA,NA,NA,NA,NA,NA,NA
NA,NA,NA,NA,NA,NA,NA,NA,NA,NA,NA,NA,NA,NA
NA,NA,NA,NA,NA,NA,NA,NA,NA,NA,NA,NA,NA,NA
NA,NA,NA,NA,NA,NA,NA,NA,NA,NA,NA,NA,NA,NA
NA,NA,NA,NA,NA,NA,NA,NA,NA,NA,NA,NA,NA,NA
NA,NA,NA,NA,NA,NA,NA,NA,NA,NA,NA,NA,NA,NA
NA,NA,NA,NA,NA,NA,NA,NA,NA,NA,NA,NA,NA,NA
NA,NA,NA,NA,NA,NA,NA,NA,NA,NA,NA,NA,NA,NA
NA,NA,NA,NA,NA,NA,NA,NA,NA,NA,NA,NA,NA,NA
NA,NA,NA,NA,NA,NA,NA,NA,NA,NA,NA,NA,NA,NA
NA,NA,NA,NA,NA,NA,NA,NA,NA,NA,NA,NA,NA,NA
NA,NA,NA,NA,NA,NA,NA,NA,NA,NA,NA,NA,NA,NA
NA,NA,NA,NA,NA,NA,NA,NA,NA,NA,NA,NA,NA,NA
NA,NA,NA,NA,NA,NA,NA,NA,NA,NA,NA,NA,NA,NA
NA,NA,NA,NA,NA,NA,NA,NA,NA,NA,NA,NA,NA,NA
NA,NA,NA,NA,NA,NA,NA,NA,NA,NA,NA,NA,NA,NA
NA,NA,NA,NA,NA,NA,NA,NA,NA,NA,NA,NA,NA,NA
NA,NA,NA,NA,NA,NA,NA,NA,NA,NA,NA,NA,NA,NA
NA,NA,NA,NA,NA,NA,NA,NA,NA,NA,NA,NA,NA,NA
NA,NA,NA,NA,NA,NA,NA,NA,NA,NA,NA,NA,NA,NA
NA,NA,NA,NA,NA,NA,NA,NA,NA,NA,NA,NA,NA,NA
NA,NA,NA,NA,NA,NA,NA,NA,NA,NA,NA,NA,NA,NA
NA,NA,NA,NA,NA,NA,NA,NA,NA,NA,NA,NA,NA,NA
NA,NA,NA,NA,NA,NA,NA,NA,NA,NA,NA,NA,NA,NA
NA,NA,NA,NA,NA,NA,NA,NA,NA,NA,NA,NA,NA,NA
NA,NA,NA,NA,NA,NA,NA,NA,NA,NA,NA,NA,NA,NA
NA,NA,NA,NA,NA,NA,NA,NA,NA,NA,NA,NA,NA,NA
NA,NA,NA,NA,NA,NA,NA,NA,NA,NA,NA,NA,NA,NA
NA,NA,NA,NA,NA,NA,NA,NA,NA,NA,NA,NA,NA,NA
NA,NA,NA,NA,NA,NA,NA,NA,NA,NA,NA,NA,NA,NA
NA,NA,NA,NA,NA,NA,NA,NA,NA,NA,NA,NA,NA,NA
NA,NA,NA,NA,NA,NA,NA,NA,NA,NA,NA,NA,NA,NA
NA,NA,NA,NA,NA,NA,NA,NA,NA,NA,NA,NA,NA,NA
NA,NA,NA,NA,NA,NA,NA,NA,NA,NA,NA,NA,NA,NA
NA,NA,NA,NA,NA,NA,NA,NA,NA,NA,NA,NA,NA,NA
NA,NA,NA,NA,NA,NA,NA,NA,NA,NA,NA,NA,NA,NA
NA,NA,NA,NA,NA,NA,NA,NA,NA,NA,NA,NA,NA,NA
NA,NA,NA,NA,NA,NA,NA,NA,NA,NA,NA,NA,NA,NA
NA,NA,NA,NA,NA,NA,NA,NA,NA,NA,NA,NA,NA,NA
NA,NA,NA,NA,NA,NA,NA,NA,NA,NA,NA,NA,NA,NA
NA,NA,NA,NA,NA,NA,NA,NA,NA,NA,NA,NA,NA,NA
NA,NA,NA,NA,NA,NA,NA,NA,NA,NA,NA,NA,NA,NA
NA,NA,NA,NA,NA,NA,NA,NA,NA,NA,NA,NA,NA,NA
NA,NA,NA,NA,NA,NA,NA,NA,NA,NA,NA,NA,NA,NA
NA,NA,NA,NA,NA,NA,NA,NA,NA,NA,NA,NA,NA,NA
NA,NA,NA,NA,NA,NA,NA,NA,NA,NA,NA,NA,NA,NA
NA,NA,NA,NA,NA,NA,NA,NA,NA,NA,NA,NA,NA,NA
NA,NA,NA,NA,NA,NA,NA,NA,NA,NA,NA,NA,NA,NA
NA,NA,NA,NA,NA,NA,NA,NA,NA,NA,NA,NA,NA,NA
NA,NA,NA,NA,NA,NA,NA,NA,NA,NA,NA,NA,NA,NA
NA,NA,NA,NA,NA,NA,NA,NA,NA,NA,NA,NA,NA,NA
NA,NA,NA,NA,NA,NA,NA,NA,NA,NA,NA,NA,NA,NA
NA,NA,NA,NA,NA,NA,NA,NA,NA,NA,NA,NA,NA,NA
NA,NA,NA,NA,NA,NA,NA,NA,NA,NA,NA,NA,NA,NA
NA,NA,NA,NA,NA,NA,NA,NA,NA,NA,NA,NA,NA,NA
NA,NA,NA,NA,NA,NA,NA,NA,NA,NA,NA,NA,NA,NA
NA,NA,NA,NA,NA,NA,NA,NA,NA,NA,NA,NA,NA,NA
NA,NA,NA,NA,NA,NA,NA,NA,NA,NA,NA,NA,NA,NA
NA,NA,NA,NA,NA,NA,NA,NA,NA,NA,NA,NA,NA,NA
NA,NA,NA,NA,NA,NA,NA,NA,NA,NA,NA,NA,NA,NA
NA,NA,NA,NA,NA,NA,NA,NA,NA,NA,NA,NA,NA,NA
NA,NA,NA,NA,NA,NA,NA,NA,NA,NA,NA,NA,NA,NA
NA,NA,NA,NA,NA,NA,NA,NA,NA,NA,NA,NA,NA,NA
NA,NA,NA,NA,NA,NA,NA,NA,NA,NA,NA,NA,NA,NA
NA,NA,NA,NA,NA,NA,NA,NA,NA,NA,NA,NA,NA,NA
NA,NA,NA,NA,NA,NA,NA,NA,NA,NA,NA,NA,NA,NA
NA,NA,NA,NA,NA,NA,NA,NA,NA,NA,NA,NA,NA,NA
NA,NA,NA,NA,NA,NA,NA,NA,NA,NA,NA,NA,NA,NA
NA,NA,NA,NA,NA,NA,NA,NA,NA,NA,NA,NA,NA,NA
NA,NA,NA,NA,NA,NA,NA,NA,NA,NA,NA,NA,NA,NA
NA,NA,NA,NA,NA,NA,NA,NA,NA,NA,NA,NA,NA,NA
NA,NA,NA,NA,NA,NA,NA,NA,NA,NA,NA,NA,NA,NA
NA,NA,NA,NA,NA,NA,NA,NA,NA,NA,NA,NA,NA,NA
NA,NA,NA,NA,NA,NA,NA,NA,NA,NA,NA,NA,NA,NA
NA,NA,NA,NA,NA,NA,NA,NA,NA,NA,NA,NA,NA,NA
NA,NA,NA,NA,NA,NA,NA,NA,NA,NA,NA,NA,NA,NA
NA,NA,NA,NA,NA,NA,NA,NA,NA,NA,NA,NA,NA,NA
NA,NA,NA,NA,NA,NA,NA,NA,NA,NA,NA,NA,NA,NA
NA,NA,NA,NA,NA,NA,NA,NA,NA,NA,NA,NA,NA,NA
NA,NA,NA,NA,NA,NA,NA,NA,NA,NA,NA,NA,NA,NA
NA,NA,NA,NA,NA,NA,NA,NA,NA,NA,NA,NA,NA,NA
NA,NA,NA,NA,NA,NA,NA,NA,NA,NA,NA,NA,NA,NA
NA,NA,NA,NA,NA,NA,NA,NA,NA,NA,NA,NA,NA,NA
NA,NA,NA,NA,NA,NA,NA,NA,NA,NA,NA,NA,NA,NA
NA,NA,NA,NA,NA,NA,NA,NA,NA,NA,NA,NA,NA,NA
NA,NA,NA,NA,NA,NA,NA,NA,NA,NA,NA,NA,NA,NA
NA,NA,NA,NA,NA,NA,NA,NA,NA,NA,NA,NA,NA,NA
NA,NA,NA,NA,NA,NA,NA,NA,NA,NA,NA,NA,NA,NA
NA,NA,NA,NA,NA,NA,NA,NA,NA,NA,NA,NA,NA,NA
NA,NA,NA,NA,NA,NA,NA,NA,NA,NA,NA,NA,NA,NA
NA,NA,NA,NA,NA,NA,NA,NA,NA,NA,NA,NA,NA,NA
NA,NA,NA,NA,NA,NA,NA,NA,NA,NA,NA,NA,NA,NA
NA,NA,NA,NA,NA,NA,NA,NA,NA,NA,NA,NA,NA,NA
NA,NA,NA,NA,NA,NA,NA,NA,NA,NA,NA,NA,NA,NA
NA,NA,NA,NA,NA,NA,NA,NA,NA,NA,NA,NA,NA,NA
NA,NA,NA,NA,NA,NA,NA,NA,NA,NA,NA,NA,NA,NA
NA,NA,NA,NA,NA,NA,NA,NA,NA,NA,NA,NA,NA,NA
NA,NA,NA,NA,NA,NA,NA,NA,NA,NA,NA,NA,NA,NA
NA,NA,NA,NA,NA,NA,NA,NA,NA,NA,NA,NA,NA,NA
NA,NA,NA,NA,NA,NA,NA,NA,NA,NA,NA,NA,NA,NA
NA,NA,NA,NA,NA,NA,NA,NA,NA,NA,NA,NA,NA,NA
NA,NA,NA,NA,NA,NA,NA,NA,NA,NA,NA,NA,NA,NA
NA,NA,NA,NA,NA,NA,NA,NA,NA,NA,NA,NA,NA,NA
NA,NA,NA,NA,NA,NA,NA,NA,NA,NA,NA,NA,NA,NA
NA,NA,NA,NA,NA,NA,NA,NA,NA,NA,NA,NA,NA,NA
NA,NA,NA,NA,NA,NA,NA,NA,NA,NA,NA,NA,NA,NA
NA,NA,NA,NA,NA,NA,NA,NA,NA,NA,NA,NA,NA,NA
NA,NA,NA,NA,NA,NA,NA,NA,NA,NA,NA,NA,NA,NA
NA,NA,NA,NA,NA,NA,NA,NA,NA,NA,NA,NA,NA,NA
NA,NA,NA,NA,NA,NA,NA,NA,NA,NA,NA,NA,NA,NA
NA,NA,NA,NA,NA,NA,NA,NA,NA,NA,NA,NA,NA,NA
NA,NA,NA,NA,NA,NA,NA,NA,NA,NA,NA,NA,NA,NA
NA,NA,NA,NA,NA,NA,NA,NA,NA,NA,NA,NA,NA,NA
NA,NA,NA,NA,NA,NA,NA,NA,NA,NA,NA,NA,NA,NA
NA,NA,NA,NA,NA,NA,NA,NA,NA,NA,NA,NA,NA,NA
NA,NA,NA,NA,NA,NA,NA,NA,NA,NA,NA,NA,NA,NA
NA,NA,NA,NA,NA,NA,NA,NA,NA,NA,NA,NA,NA,NA
NA,NA,NA,NA,NA,NA,NA,NA,NA,NA,NA,NA,NA,NA
NA,NA,NA,NA,NA,NA,NA,NA,NA,NA,NA,NA,NA,NA
NA,NA,NA,NA,NA,NA,NA,NA,NA,NA,NA,NA,NA,NA
NA,NA,NA,NA,NA,NA,NA,NA,NA,NA,NA,NA,NA,NA
NA,NA,NA,NA,NA,NA,NA,NA,NA,NA,NA,NA,NA,NA
NA,NA,NA,NA,NA,NA,NA,NA,NA,NA,NA,NA,NA,NA
NA,NA,NA,NA,NA,NA,NA,NA,NA,NA,NA,NA,NA,NA
NA,NA,NA,NA,NA,NA,NA,NA,NA,NA,NA,NA,NA,NA
NA,NA,NA,NA,NA,NA,NA,NA,NA,NA,NA,NA,NA,NA
NA,NA,NA,NA,NA,NA,NA,NA,NA,NA,NA,NA,NA,NA
NA,NA,NA,NA,NA,NA,NA,NA,NA,NA,NA,NA,NA,NA
NA,NA,NA,NA,NA,NA,NA,NA,NA,NA,NA,NA,NA,NA
NA,NA,NA,NA,NA,NA,NA,NA,NA,NA,NA,NA,NA,NA
NA,NA,NA,NA,NA,NA,NA,NA,NA,NA,NA,NA,NA,NA
NA,NA,NA,NA,NA,NA,NA,NA,NA,NA,NA,NA,NA,NA
NA,NA,NA,NA,NA,NA,NA,NA,NA,NA,NA,NA,NA,NA
NA,NA,NA,NA,NA,NA,NA,NA,NA,NA,NA,NA,NA,NA
NA,NA,NA,NA,NA,NA,NA,NA,NA,NA,NA,NA,NA,NA
NA,NA,NA,NA,NA,NA,NA,NA,NA,NA,NA,NA,NA,NA
NA,NA,NA,NA,NA,NA,NA,NA,NA,NA,NA,NA,NA,NA
NA,NA,NA,NA,NA,NA,NA,NA,NA,NA,NA,NA,NA,NA
NA,NA,NA,NA,NA,NA,NA,NA,NA,NA,NA,NA,NA,NA
NA,NA,NA,NA,NA,NA,NA,NA,NA,NA,NA,NA,NA,NA
NA,NA,NA,NA,NA,NA,NA,NA,NA,NA,NA,NA,NA,NA
NA,NA,NA,NA,NA,NA,NA,NA,NA,NA,NA,NA,NA,NA
NA,NA,NA,NA,NA,NA,NA,NA,NA,NA,NA,NA,NA,NA
NA,NA,NA,NA,NA,NA,NA,NA,NA,NA,NA,NA,NA,NA
NA,NA,NA,NA,NA,NA,NA,NA,NA,NA,NA,NA,NA,NA
NA,NA,NA,NA,NA,NA,NA,NA,NA,NA,NA,NA,NA,NA
NA,NA,NA,NA,NA,NA,NA,NA,NA,NA,NA,NA,NA,NA
NA,NA,NA,NA,NA,NA,NA,NA,NA,NA,NA,NA,NA,NA
NA,NA,NA,NA,NA,NA,NA,NA,NA,NA,NA,NA,NA,NA
NA,NA,NA,NA,NA,NA,NA,NA,NA,NA,NA,NA,NA,NA
NA,NA,NA,NA,NA,NA,NA,NA,NA,NA,NA,NA,NA,NA
NA,NA,NA,NA,NA,NA,NA,NA,NA,NA,NA,NA,NA,NA
NA,NA,NA,NA,NA,NA,NA,NA,NA,NA,NA,NA,NA,NA
NA,NA,NA,NA,NA,NA,NA,NA,NA,NA,NA,NA,NA,NA
NA,NA,NA,NA,NA,NA,NA,NA,NA,NA,NA,NA,NA,NA
NA,NA,NA,NA,NA,NA,NA,NA,NA,NA,NA,NA,NA,NA
NA,NA,NA,NA,NA,NA,NA,NA,NA,NA,NA,NA,NA,NA
NA,NA,NA,NA,NA,NA,NA,NA,NA,NA,NA,NA,NA,NA
NA,NA,NA,NA,NA,NA,NA,NA,NA,NA,NA,NA,NA,NA
NA,NA,NA,NA,NA,NA,NA,NA,NA,NA,NA,NA,NA,NA
NA,NA,NA,NA,NA,NA,NA,NA,NA,NA,NA,NA,NA,NA
NA,NA,NA,NA,NA,NA,NA,NA,NA,NA,NA,NA,NA,NA
NA,NA,NA,NA,NA,NA,NA,NA,NA,NA,NA,NA,NA,NA
NA,NA,NA,NA,NA,NA,NA,NA,NA,NA,NA,NA,NA,NA
NA,NA,NA,NA,NA,NA,NA,NA,NA,NA,NA,NA,NA,NA
NA,NA,NA,NA,NA,NA,NA,NA,NA,NA,NA,NA,NA,NA
NA,NA,NA,NA,NA,NA,NA,NA,NA,NA,NA,NA,NA,NA
NA,NA,NA,NA,NA,NA,NA,NA,NA,NA,NA,NA,NA,NA
NA,NA,NA,NA,NA,NA,NA,NA,NA,NA,NA,NA,NA,NA
NA,NA,NA,NA,NA,NA,NA,NA,NA,NA,NA,NA,NA,NA
NA,NA,NA,NA,NA,NA,NA,NA,NA,NA,NA,NA,NA,NA
NA,NA,NA,NA,NA,NA,NA,NA,NA,NA,NA,NA,NA,NA
NA,NA,NA,NA,NA,NA,NA,NA,NA,NA,NA,NA,NA,NA
NA,NA,NA,NA,NA,NA,NA,NA,NA,NA,NA,NA,NA,NA
NA,NA,NA,NA,NA,NA,NA,NA,NA,NA,NA,NA,NA,NA
NA,NA,NA,NA,NA,NA,NA,NA,NA,NA,NA,NA,NA,NA
NA,NA,NA,NA,NA,NA,NA,NA,NA,NA,NA,NA,NA,NA
NA,NA,NA,NA,NA,NA,NA,NA,NA,NA,NA,NA,NA,NA
NA,NA,NA,NA,NA,NA,NA,NA,NA,NA,NA,NA,NA,NA
NA,NA,NA,NA,NA,NA,NA,NA,NA,NA,NA,NA,NA,NA
NA,NA,NA,NA,NA,NA,NA,NA,NA,NA,NA,NA,NA,NA
NA,NA,NA,NA,NA,NA,NA,NA,NA,NA,NA,NA,NA,NA
NA,NA,NA,NA,NA,NA,NA,NA,NA,NA,NA,NA,NA,NA
NA,NA,NA,NA,NA,NA,NA,NA,NA,NA,NA,NA,NA,NA
NA,NA,NA,NA,NA,NA,NA,NA,NA,NA,NA,NA,NA,NA
NA,NA,NA,NA,NA,NA,NA,NA,NA,NA,NA,NA,NA,NA
NA,NA,NA,NA,NA,NA,NA,NA,NA,NA,NA,NA,NA,NA
NA,NA,NA,NA,NA,NA,NA,NA,NA,NA,NA,NA,NA,NA
NA,NA,NA,NA,NA,NA,NA,NA,NA,NA,NA,NA,NA,NA
NA,NA,NA,NA,NA,NA,NA,NA,NA,NA,NA,NA,NA,NA
NA,NA,NA,NA,NA,NA,NA,NA,NA,NA,NA,NA,NA,NA
NA,NA,NA,NA,NA,NA,NA,NA,NA,NA,NA,NA,NA,NA
NA,NA,NA,NA,NA,NA,NA,NA,NA,NA,NA,NA,NA,NA
NA,NA,NA,NA,NA,NA,NA,NA,NA,NA,NA,NA,NA,NA
NA,NA,NA,NA,NA,NA,NA,NA,NA,NA,NA,NA,NA,NA
NA,NA,NA,NA,NA,NA,NA,NA,NA,NA,NA,NA,NA,NA
NA,NA,NA,NA,NA,NA,NA,NA,NA,NA,NA,NA,NA,NA
NA,NA,NA,NA,NA,NA,NA,NA,NA,NA,NA,NA,NA,NA
NA,NA,NA,NA,NA,NA,NA,NA,NA,NA,NA,NA,NA,NA
NA,NA,NA,NA,NA,NA,NA,NA,NA,NA,NA,NA,NA,NA
NA,NA,NA,NA,NA,NA,NA,NA,NA,NA,NA,NA,NA,NA
NA,NA,NA,NA,NA,NA,NA,NA,NA,NA,NA,NA,NA,NA
NA,NA,NA,NA,NA,NA,NA,NA,NA,NA,NA,NA,NA,NA
NA,NA,NA,NA,NA,NA,NA,NA,NA,NA,NA,NA,NA,NA
NA,NA,NA,NA,NA,NA,NA,NA,NA,NA,NA,NA,NA,NA
NA,NA,NA,NA,NA,NA,NA,NA,NA,NA,NA,NA,NA,NA
NA,NA,NA,NA,NA,NA,NA,NA,NA,NA,NA,NA,NA,NA
NA,NA,NA,NA,NA,NA,NA,NA,NA,NA,NA,NA,NA,NA
NA,NA,NA,NA,NA,NA,NA,NA,NA,NA,NA,NA,NA,NA
NA,NA,NA,NA,NA,NA,NA,NA,NA,NA,NA,NA,NA,NA
NA,NA,NA,NA,NA,NA,NA,NA,NA,NA,NA,NA,NA,NA
NA,NA,NA,NA,NA,NA,NA,NA,NA,NA,NA,NA,NA,NA
NA,NA,NA,NA,NA,NA,NA,NA,NA,NA,NA,NA,NA,NA
NA,NA,NA,NA,NA,NA,NA,NA,NA,NA,NA,NA,NA,NA
NA,NA,NA,NA,NA,NA,NA,NA,NA,NA,NA,NA,NA,NA
NA,NA,NA,NA,NA,NA,NA,NA,NA,NA,NA,NA,NA,NA
NA,NA,NA,NA,NA,NA,NA,NA,NA,NA,NA,NA,NA,NA
NA,NA,NA,NA,NA,NA,NA,NA,NA,NA,NA,NA,NA,NA
NA,NA,NA,NA,NA,NA,NA,NA,NA,NA,NA,NA,NA,NA
NA,NA,NA,NA,NA,NA,NA,NA,NA,NA,NA,NA,NA,NA
NA,NA,NA,NA,NA,NA,NA,NA,NA,NA,NA,NA,NA,NA
NA,NA,NA,NA,NA,NA,NA,NA,NA,NA,NA,NA,NA,NA
NA,NA,NA,NA,NA,NA,NA,NA,NA,NA,NA,NA,NA,NA
NA,NA,NA,NA,NA,NA,NA,NA,NA,NA,NA,NA,NA,NA
NA,NA,NA,NA,NA,NA,NA,NA,NA,NA,NA,NA,NA,NA
NA,NA,NA,NA,NA,NA,NA,NA,NA,NA,NA,NA,NA,NA
NA,NA,NA,NA,NA,NA,NA,NA,NA,NA,NA,NA,NA,NA
NA,NA,NA,NA,NA,NA,NA,NA,NA,NA,NA,NA,NA,NA
NA,NA,NA,NA,NA,NA,NA,NA,NA,NA,NA,NA,NA,NA
NA,NA,NA,NA,NA,NA,NA,NA,NA,NA,NA,NA,NA,NA
NA,NA,NA,NA,NA,NA,NA,NA,NA,NA,NA,NA,NA,NA
NA,NA,NA,NA,NA,NA,NA,NA,NA,NA,NA,NA,NA,NA
NA,NA,NA,NA,NA,NA,NA,NA,NA,NA,NA,NA,NA,NA
NA,NA,NA,NA,NA,NA,NA,NA,NA,NA,NA,NA,NA,NA
NA,NA,NA,NA,NA,NA,NA,NA,NA,NA,NA,NA,NA,NA
NA,NA,NA,NA,NA,NA,NA,NA,NA,NA,NA,NA,NA,NA
NA,NA,NA,NA,NA,NA,NA,NA,NA,NA,NA,NA,NA,NA
NA,NA,NA,NA,NA,NA,NA,NA,NA,NA,NA,NA,NA,NA
NA,NA,NA,NA,NA,NA,NA,NA,NA,NA,NA,NA,NA,NA
NA,NA,NA,NA,NA,NA,NA,NA,NA,NA,NA,NA,NA,NA
NA,NA,NA,NA,NA,NA,NA,NA,NA,NA,NA,NA,NA,NA
NA,NA,NA,NA,NA,NA,NA,NA,NA,NA,NA,NA,NA,NA
NA,NA,NA,NA,NA,NA,NA,NA,NA,NA,NA,NA,NA,NA
NA,NA,NA,NA,NA,NA,NA,NA,NA,NA,NA,NA,NA,NA
NA,NA,NA,NA,NA,NA,NA,NA,NA,NA,NA,NA,NA,NA
NA,NA,NA,NA,NA,NA,NA,NA,NA,NA,NA,NA,NA,NA
NA,NA,NA,NA,NA,NA,NA,NA,NA,NA,NA,NA,NA,NA
NA,NA,NA,NA,NA,NA,NA,NA,NA,NA,NA,NA,NA,NA
NA,NA,NA,NA,NA,NA,NA,NA,NA,NA,NA,NA,NA,NA
NA,NA,NA,NA,NA,NA,NA,NA,NA,NA,NA,NA,NA,NA
NA,NA,NA,NA,NA,NA,NA,NA,NA,NA,NA,NA,NA,NA
NA,NA,NA,NA,NA,NA,NA,NA,NA,NA,NA,NA,NA,NA
NA,NA,NA,NA,NA,NA,NA,NA,NA,NA,NA,NA,NA,NA
NA,NA,NA,NA,NA,NA,NA,NA,NA,NA,NA,NA,NA,NA
NA,NA,NA,NA,NA,NA,NA,NA,NA,NA,NA,NA,NA,NA
NA,NA,NA,NA,NA,NA,NA,NA,NA,NA,NA,NA,NA,NA
NA,NA,NA,NA,NA,NA,NA,NA,NA,NA,NA,NA,NA,NA
NA,NA,NA,NA,NA,NA,NA,NA,NA,NA,NA,NA,NA,NA
NA,NA,NA,NA,NA,NA,NA,NA,NA,NA,NA,NA,NA,NA
NA,NA,NA,NA,NA,NA,NA,NA,NA,NA,NA,NA,NA,NA
NA,NA,NA,NA,NA,NA,NA,NA,NA,NA,NA,NA,NA,NA
NA,NA,NA,NA,NA,NA,NA,NA,NA,NA,NA,NA,NA,NA
NA,NA,NA,NA,NA,NA,NA,NA,NA,NA,NA,NA,NA,NA
NA,NA,NA,NA,NA,NA,NA,NA,NA,NA,NA,NA,NA,NA
NA,NA,NA,NA,NA,NA,NA,NA,NA,NA,NA,NA,NA,NA
NA,NA,NA,NA,NA,NA,NA,NA,NA,NA,NA,NA,NA,NA
NA,NA,NA,NA,NA,NA,NA,NA,NA,NA,NA,NA,NA,NA
NA,NA,NA,NA,NA,NA,NA,NA,NA,NA,NA,NA,NA,NA
NA,NA,NA,NA,NA,NA,NA,NA,NA,NA,NA,NA,NA,NA
NA,NA,NA,NA,NA,NA,NA,NA,NA,NA,NA,NA,NA,NA
NA,NA,NA,NA,NA,NA,NA,NA,NA,NA,NA,NA,NA,NA
NA,NA,NA,NA,NA,NA,NA,NA,NA,NA,NA,NA,NA,NA
NA,NA,NA,NA,NA,NA,NA,NA,NA,NA,NA,NA,NA,NA
NA,NA,NA,NA,NA,NA,NA,NA,NA,NA,NA,NA,NA,NA
NA,NA,NA,NA,NA,NA,NA,NA,NA,NA,NA,NA,NA,NA
NA,NA,NA,NA,NA,NA,NA,NA,NA,NA,NA,NA,NA,NA
NA,NA,NA,NA,NA,NA,NA,NA,NA,NA,NA,NA,NA,NA
NA,NA,NA,NA,NA,NA,NA,NA,NA,NA,NA,NA,NA,NA
NA,NA,NA,NA,NA,NA,NA,NA,NA,NA,NA,NA,NA,NA
NA,NA,NA,NA,NA,NA,NA,NA,NA,NA,NA,NA,NA,NA
NA,NA,NA,NA,NA,NA,NA,NA,NA,NA,NA,NA,NA,NA
NA,NA,NA,NA,NA,NA,NA,NA,NA,NA,NA,NA,NA,NA
NA,NA,NA,NA,NA,NA,NA,NA,NA,NA,NA,NA,NA,NA
NA,NA,NA,NA,NA,NA,NA,NA,NA,NA,NA,NA,NA,NA
NA,NA,NA,NA,NA,NA,NA,NA,NA,NA,NA,NA,NA,NA
